job_id,contractor,customer,phone,email,street,city,state,zip,hoa,system_size,panel_count,watt,inverter,battery,roof_type,rep,crew,partner,financer,invoice_number,install_cost,contract_amount,m1_due,m1_received,m2_due,m2_received,m1_amount,m2_amount,utility_company,permit_status,stage,status,install_date,inspection_date,pto_date,site_survey_date,interconnection_status,next_action,adders,notes,created_at,updated_at
CT-5274,Solarize,"Janvier, Paulette",860-555-0192,paulette.janvier@email.com,84 Elmwood Ave,Waterbury,CT,06704,false,14.4,36,400,Enphase IQ8A,false,Asphalt shingle,Tommy,"Tommy,Jake",SolarCrew NE,GoodLeap,2968,11628,13954,true,true,false,false,11628,2326,Eversource CT,Approved,40,Install Complete,2026-03-03,,,2026-01-15,Approved,Schedule inspection,[object Object],Homeowner confirmed access. Panel upgrade included.,2026-01-10,2026-03-03
MA-5092,Empower,"Ciampoli, Mary",413-555-0847,mary.ciampoli@email.com,219 Oakland St,Springfield,MA,01108,false,7.8,20,390,Enphase IQ8M,false,Asphalt shingle,Tommy,"Tommy,Jake",SolarCrew NE,Cash,INV-2967,6240,6240,true,true,false,false,,,Eversource MA,Approved,50,Rescheduled / Issue,2026-03-03,,,2026-01-20,Approved,Utility redesign submission,[object Object],Meter upgrade required before PTO. Utility rejected first submission. Need exception form.,2026-01-18,2026-03-05
NH-4685,Empower,"James, Marta",603-555-0334,marta.james@email.com,47 Crown St,Nashua,NH,03060,false,8.7,0,0,SolarEdge HD Wave,false,Metal,Kyle,"Kyle,Matt",SolarCrew NE,LightReach,2969,0,8700,true,true,true,true,6960,1740,Eversource NH,Not Submitted,80,Fully Paid / Closed,2026-03-04,2026-03-10,,2026-01-22,Approved,"Collect M2, submit PTO packet",,Inspection passed 3/10. HOA approval on file.,2026-03-17,2026-03-10
ME-5021,Empower,"Brookings, Timothy",207-555-0561,timothy.brookings@email.com,88 Foreside Rd,Portland,ME,04101,false,7.2,18,400,Enphase IQ8A,false,Asphalt shingle,Matt,Matt,Maine Solar Partners,GoodLeap,INV-2971,5680,5680,false,false,false,false,,,CMP,Approved,30,Rescheduled / Issue,2026-03-06,,,2026-02-01,Approved,Diagnose monitoring issue — Envoy offline,,Monitoring offline since install. CT check needed. Envoy not communicating.,2026-01-28,2026-03-06
CT-5301,Solarize,"Rivera, Carlos",203-555-0773,carlos.rivera@email.com,412 Whalley Ave,New Haven,CT,06511,false,10.2,26,390,Enphase IQ8A,false,Asphalt shingle,Kyle,"Tommy,Jake",SolarCrew NE,Mosaic,INV-2972,8160,8160,false,false,false,false,,,Eversource CT,Approved,20,Scheduled,2026-03-18,,,2026-02-10,Approved,"Await permit approval, prep install crew",,"Submitted to town 3/7. Standard residential, no conditions expected.",2026-02-05,2026-03-07
MA-5110,Empower,"Okafor, Ngozi",508-555-0219,ngozi.okafor@email.com,91 Burncoat St,Worcester,MA,01606,false,9.6,24,400,SolarEdge HD Wave,true,Asphalt shingle,Matt,"Matt,Jake",SolarCrew NE,GoodLeap,,7680,7680,false,false,false,false,,,National Grid,Approved,20,Scheduled,2026-03-25,,,2026-02-18,Approved,"Finalize design, submit permit",,Structural engineering sign-off pending.,2026-02-15,2026-03-01
IMPORT-1,,Antonio Ludovina,N/A 2,N/A 2,100 Libby Ln West Gardiner,,ME,,false,6.800,16,425,,false,,,Tommy,Empower,,2505,1500,1500,true,true,true,true,1500,,,Approved,,Install Complete,2024-12-19,,,,Approved,,[object Object],Gen kit installed 1/11,2026-03-15,
IMPORT-2,,"Abernethy, Abraham",N/A 2,N/A 2,12 Rogers Trl Falmouth,,ME,04105,false,12.750,30,425,,false,,,Pedro,Empower,,2503,6120,7650,true,true,true,true,6120,1530,,Approved,,Install Complete,2025-01-03,,,,Approved,,,completed 1/7,2026-03-15,
3812,,"Sinclair, Stephanie",N/A 2,N/A 2,4 Hope Ln,Sandwich,MA,,false,10.200,0,0,,false,,,Pedro,Empower,,2502,0,8568,true,true,true,true,4896,3672,,Not Submitted,,Fully Paid / Closed,2025-01-06,,,,Approved,,,complete 1/6,2026-03-17,
IMPORT-4,,"Stoddard, Claudia",N/A 2,N/A 2,238 Shaker Hill Road Alfred,,ME,04002,false,22.525,53,425,,false,,,Pedro,Empower,,2504,15312,18015,true,true,true,true,15312,2703,,Approved,,Install Complete,2025-01-07,,,,Approved,,,TRENCH Completed 1/10,2026-03-15,
IMPORT-5,,Marie Dessources,N/A 2,N/A 2,425 CAREW ST SPRINGFIELD,,MA,01104,false,8.925,21,425,Tesla,false,,,Nicky,ISUN,,,0,0,true,true,false,false,,,,Approved,,Install Complete,2025-01-07,,,,Approved,,,Tesla Inverter 12foot trench,2026-03-15,
IMPORT-6,,Leonardo Gutierrez,N/A 2,N/A 2,124 Grover ST Springfield,,MA,01104,false,6.800,16,425,,false,,,Nicky,ISUN,,,0,0,true,true,false,false,,,,Approved,,Install Complete,2025-01-28,,,,Approved,,,Backfed Breaker Non-fused GE40a bring fused and 40a fuses for safety,2026-03-15,
IMPORT-7,,Elvis Leiva,N/A 2,N/A 2,38 Washington Rd Springfield,,MA,01108,false,11.475,27,425,Tesla,false,,,Nicky,ISUN,,,0,0,true,true,false,false,,,,Approved,,Install Complete,2025-01-10,,,,Approved,,,Tesla inverter,2026-03-15,
IMPORT-8,,Ricardo Ribeiro,N/A 2,N/A 2,564 Chestnut St,Springfield,MA,,false,8.075,19,425,Tesla,false,,,Nicky,ISUN,,,0,0,true,true,false,false,,,,Approved,,Install Complete,2025-01-13,,,,Approved,,,Tesla inverter,2026-03-15,
IMPORT-9,,Winturri Melissa,N/A 2,N/A 2,21 Hager Park Rd,Westminster,MA,01473,false,7.650,18,425,,false,,,Pedro,Empower,,2512,3600,3600,true,true,true,true,,,,Approved,,Install Complete,2025-01-13,,,,Approved,,[object Object],Removed 1/13 Reinstalled 1/20,2026-03-15,
IMPORT-10,,Alex Silva,N/A 2,N/A 2,80 S Whipple St,Lowell,MA,,false,14.025,33,425,,false,,,Nicky,ISUN,,,0,0,true,true,false,false,,,,Approved,,Rescheduled / Issue,2025-01-29,,,,Approved,,,,2026-03-15,
IMPORT-11,,Tran Hue,N/A 2,N/A 2,15 Saint John Street Manchester,,CT,06040,false,5.950,14,425,,false,,,Nicky,Empower,,2506,3556,3556,true,true,true,true,2844.8,711.2,,Approved,,Install Complete,2025-01-15,,,,Approved,,,,2026-03-15,
IMPORT-12,,Marian Souza,N/A 2,N/A 2,405 Mill st Worcester,,MA,,false,10.750,25,430,,false,,,Nicky,ISUN,,,0,0,true,true,false,false,,,,Approved,,Install Complete,2025-01-16,,,,Approved,,,,2026-03-15,
IMPORT-13,,"Richardson, Craig",N/A 2,N/A 2,464 Forbush Ave Berlin,,NH,03570,false,6.800,16,425,,false,,,Pedro,Empower,,2507,3264,4080,true,true,true,true,3264,816,,Approved,,Install Complete,2025-01-16,,,,Approved,,,,2026-03-15,
IMPORT-14,,Houghton Leah,N/A 2,N/A 2,20 Hopps Farm Rd West Tisbury,,MA,02568,false,4.250,10,425,,false,,,Pedro,Empower,,2508,2040,2550,true,true,true,true,2040,510,,Approved,,Install Complete,2025-01-21,,,,Approved,,,,2026-03-15,
IMPORT-15,,Albert Rodriguez,N/A 2,N/A 2,20 Harrison Place East Hartford,,CT,06108,false,5.525,13,425,,false,,,Nicky,Empower,,2511,3302,9302,true,true,true,true,8641.6,660.4,,Approved,,Install Complete,2025-01-22,,,,Approved,,,,2026-03-15,
IMPORT-16,,Ennis Shaun,N/A 2,N/A 2,1341 Hardwick Rd Hardwick,,MA,01037,false,15.300,36,425,,false,,,Pedro,Empower,,2509,7344,9180,true,true,true,true,7344,1836,,Approved,,Install Complete,2025-01-23,,,,Approved,,,,2026-03-15,
IMPORT-17,,"Milovanovic, Erin",N/A 2,N/A 2,95 Chippy Ln Methuen,,MA,01844,false,6.800,16,425,,false,,,Nicky,Empower,,2510,3264,4080,true,true,true,true,3264,816,,Approved,,Install Complete,2025-01-24,,,,Approved,,,,2026-03-15,
IMPORT-18,,"Brady, Kathleen",N/A 2,N/A 2,46 Woodside Dr,Tolland,CT,06084,false,,0,0,,false,,,EX,Empower,,2512,644.98,644.98,true,true,true,true,,,,Approved,,Install Complete,2025-01-24,,,,Approved,,[object Object],,2026-03-15,
IMPORT-19,,"Kleiner, Cheryll",N/A 2,N/A 2,111 Stanley Dr,South Windsor,CT,06074,false,7.225,17,425,,false,,,Nicky,Empower,,2513,4318,863.6,true,true,true,true,,863.6,,Approved,,Install Complete,2025-01-27,,,,Approved,,,,2026-03-15,
IMPORT-20,,"Trask, Matt",N/A 2,N/A 2,19 Brookside Dr Buxton,,ME,04093,false,,0,0,,false,,,N/A,,,2514,4080,3264,false,false,false,false,,,,Approved,,Scheduled,2025-01-27,,,,Approved,,,,2026-03-15,
IMPORT-21,,"Botelho, Kevin",N/A 2,N/A 2,466 Norway St,Berlin,NH,03570,false,15.300,36,425,,false,,,Pedro,Empower,,2515,9180,1836,true,true,true,true,,1836,,Approved,,Install Complete,2025-01-28,,,,Approved,,[object Object],Replace service feed 500,2026-03-15,
IMPORT-22,,Leonardo Gutierrez,N/A 2,N/A 2,124 Grover ST Springfield,,MA,01104,false,6.800,16,425,,false,,,Nicky,ISUN,,,0,812.8,true,true,false,false,,812.8,,Approved,,Install Complete,2025-01-28,,,,Approved,,,Backfed Breaker Non-fused GE40a bring fused and 40a fuses for safety,2026-03-15,
IMPORT-23,,Alex Silva,N/A 2,N/A 2,80 S Whipple St,Lowell,MA,,false,14.025,33,425,,false,,,Nicky,ISUN,,,0,0,true,true,false,false,,,,Approved,,Install Complete,2025-01-29,,,,Approved,,,,2026-03-15,
IMPORT-24,,"Cousineau, Florence",N/A 2,N/A 2,446 Main St Orono Maine 04473,,ME,04473,false,5.520,12,460,,false,,,Pedro,Empower,,,0,0,true,true,true,true,,,,Approved,,Install Complete,2025-03-05,,,,Approved,,,Replace msp 2500,2026-03-15,
IMPORT-25,,Kristin Hall SV,N/A 2,N/A 2,76 Sunset Ridge,Rocky Hill,CT,06067,false,,0,0,,false,,,N/A,Empower,,2519,350,350,true,true,true,true,350,,,Approved,,Install Complete,2025-01-31,,,,Approved,,,,2026-03-15,
IMPORT-26,,"Mortillaro, Vincent",N/A 2,N/A 2,,,,,false,,0,0,,false,,,N/A,Empower,,2518,5610,500,true,true,true,true,500,,,Approved,,Install Complete,2025-02-05,,,,Approved,,,sv 500 | Please import and I will manually go through,2026-03-15,
IMPORT-27,,Bruce Soule,N/A 2,N/A 2,,,,,false,,0,0,,false,,,N/A,Empower,,2526,0,3570,true,true,true,true,2856,714,,Approved,,Install Complete,2025-02-17,,,,Approved,,,NC | Please import and I will manually go through,2026-03-15,
IMPORT-28,,James Newton S/V,N/A 2,N/A 2,,,,,false,,0,0,,false,,,N/A,Empower,,2517,1000,1000,true,true,true,true,1000,,,Approved,,Install Complete,2025-02-15,,,,Approved,,,S/V 1000 | Please import and I will manually go through,2026-03-15,
IMPORT-29,,Eli Ellis,N/A 2,N/A 2,,,,,false,,0,0,,false,,,N/A,Empower,,2528,0,8650,true,true,true,true,7120,1530,,Approved,,Install Complete,2025-02-19,,,,Approved,,,NC | Please import and I will manually go through,2026-03-15,
IMPORT-30,,Gary Garcia,N/A 2,N/A 2,,,,,false,,0,0,,false,,,N/A,Empower,,2516,4590,4590,true,true,true,true,3672,918,,Approved,,Install Complete,2025-02-07,,,,Approved,,,Please import and I will manually go through,2026-03-15,
IMPORT-31,,Florence cousineau,N/A 2,N/A 2,,,,,false,,0,0,,false,,,N/A,Empower,,2520,3060,4448,true,true,true,true,4448,,,Approved,,Install Complete,2025-02-10,,,,Approved,,[object Object],mpu | Please import and I will manually go through,2026-03-15,
IMPORT-32,,David Davignon,N/A 2,N/A 2,,,,,false,,0,0,,false,,,N/A,Empower,,2521,7356,8070,true,true,true,true,7356,714,,Approved,,Install Complete,2025-02-11,,,,Approved,,,MPU | Please import and I will manually go through,2026-03-15,
IMPORT-33,,Saul Silva,N/A 2,N/A 2,,,,,false,,0,0,,false,,,N/A,ISUN,,,0,0,true,true,false,false,,,,Approved,,Install Complete,2025-02-11,,,,Approved,,,Isun | Please import and I will manually go through,2026-03-15,
IMPORT-34,,Eig Blair,N/A 2,N/A 2,,,,,false,,0,0,,false,,,N/A,Empower,,2522,3468,3468,true,true,true,true,3468,,,Approved,,Install Complete,2025-02-12,,,,Approved,,,Please import and I will manually go through,2026-03-15,
IMPORT-35,,Nicole Dobshinsky,N/A 2,N/A 2,,,,,false,,0,0,,false,,,N/A,Empower,,2523,5540,6050,true,true,false,false,5540,510,,Approved,,Install Complete,2025-02-13,,,,Approved,,[object Object],MPU | Please import and I will manually go through,2026-03-15,
IMPORT-36,,Silverio Herminia,N/A 2,N/A 2,,,,,false,,0,0,,false,,,N/A,Empower,,2537,4572,15657.6,true,true,true,true,,,,Approved,,Install Complete,2025-02-14,,,,Approved,,[object Object],N/C | Please import and I will manually go through,2026-03-15,
IMPORT-37,,James Newton SV,N/A 2,N/A 2,,,,,false,,0,0,,false,,,N/A,Empower,,2524,800,800,true,true,true,true,800,,,Approved,,Install Complete,2025-02-15,,,,Approved,,,Please import and I will manually go through,2026-03-15,
IMPORT-38,,John Lynch,N/A 2,N/A 2,,,,,false,,0,0,,false,,,N/A,Empower,,2525,9588,11985,true,true,true,true,9588,2397,,Approved,,Install Complete,2025-02-17,,,,Approved,,,Please import and I will manually go through,2026-03-15,
IMPORT-39,,Bruce Soule,N/A 2,N/A 2,,,,,false,,0,0,,false,,,N/A,Empower,,2526,2856,2856,true,true,true,true,,,,Approved,,Install Complete,2025-02-17,,,,Approved,,,Please import and I will manually go through,2026-03-15,
IMPORT-40,,"Yamamoto, Lisa",N/A 2,N/A 2,,,,,false,,0,0,,false,,,N/A,Empower,,2527,5356,5356,true,true,true,true,,,,Approved,,Install Complete,2025-02-18,,,,Approved,,[object Object],Main Panel only | Please import and I will manually go through,2026-03-15,
IMPORT-41,,Eli Ellis,N/A 2,N/A 2,,,,,false,,0,0,,false,,,N/A,Empower,,2528,7120,7120,true,true,true,true,,,,Approved,,Install Complete,2025-02-19,,,,Approved,,[object Object],Please import and I will manually go through,2026-03-15,
IMPORT-42,,Carlos Rosario,N/A 2,N/A 2,,,,,false,,0,0,,false,,,N/A,Empower,,2529,4318,4318,true,true,true,true,3454.4,863.6,,Approved,,Install Complete,2025-02-20,,,,Approved,,,Please import and I will manually go through,2026-03-15,
IMPORT-43,,Paul Leonard,N/A 2,N/A 2,,,,,false,,0,0,,false,,,N/A,Empower,,2530,4064,3251.2,true,true,true,true,3251.2,,,Approved,,Install Complete,2025-02-21,,,,Approved,,,Please import and I will manually go through,2026-03-15,
IMPORT-44,,Arthur Wilkins,N/A 2,N/A 2,,,,,false,,0,0,,false,,,N/A,Empower,,2531,12900,12900,true,true,true,true,,,,Approved,,Install Complete,2025-02-24,,,,Approved,,[object Object],Trench 2800 Full msp 5000 | Please import and I will manually go through,2026-03-15,
IMPORT-45,,Peter Smith (NH) SV,N/A 2,N/A 2,,,,,false,,0,0,,false,,,N/A,Empower,,2532,1000,1000,true,true,true,true,1000,,,Approved,,Install Complete,2025-02-24,,,,Approved,,,1000 | Please import and I will manually go through,2026-03-15,
IMPORT-46,,Craig Chamberlain,N/A 2,N/A 2,,,,,false,,0,0,,false,,,N/A,Empower,,2541,3060,3825,true,true,true,true,3060,765,,Approved,,Install Complete,2025-03-06,,,,Approved,,,N/C missing materials | Please import and I will manually go through,2026-03-15,
IMPORT-47,,James Neel,N/A 2,N/A 2,,,,,false,,0,0,,false,,,N/A,Empower,,2534,4080,6600,true,true,true,true,5580,1020,,Approved,,Install Complete,2025-03-03,,,,Approved,,,Generator not yet installed sched 3/5 | Please import and I will manually go through,2026-03-15,
IMPORT-48,,Levin-Pennell Susan,N/A 2,N/A 2,,,,,false,,0,0,,false,,,N/A,Empower,,2535,4896,6120,true,true,true,true,4896,1224,,Approved,,Install Complete,2025-02-27,,,,Approved,,,Please import and I will manually go through,2026-03-15,
IMPORT-49,,Talor Duane,N/A 2,N/A 2,,,,,false,,0,0,,false,,,N/A,Empower,,2536,3948,4560,true,true,true,true,3948,612,,Approved,,Install Complete,2025-02-28,,,,Approved,,[object Object],Gen kit 1500 | Please import and I will manually go through,2026-03-15,
IMPORT-50,,Earl Blackney,N/A 2,N/A 2,,,,,false,,0,0,,false,,,N/A,Empower,,2538,3264,4080,true,true,true,true,3264,816,,Approved,,Install Complete,2025-03-03,,,,Approved,,,Please import and I will manually go through,2026-03-15,
IMPORT-51,,James Neel,N/A 2,N/A 2,,,,,false,,0,0,,false,,,N/A,Empower,,2539,1500,1500,true,true,true,true,,,,Approved,,Install Complete,2025-03-03,,,,Approved,,,Generator | Please import and I will manually go through,2026-03-15,
IMPORT-52,,Cythia Brodie,N/A 2,N/A 2,,,,,false,,0,0,,false,,,N/A,Empower,,2540,3672,4590,true,true,true,true,3672,918,,Approved,,Install Complete,2025-03-04,,,,Approved,,,Please import and I will manually go through,2026-03-15,
IMPORT-53,,Cousineau Florence,N/A 2,N/A 2,,,,,false,,0,0,,false,,,N/A,Empower,,,0,0,true,true,true,true,,,,Approved,,Install Complete,2025-03-05,,,,Approved,,,Fix panels | Please import and I will manually go through,2026-03-15,
IMPORT-54,,Craig Chamberlain,N/A 2,N/A 2,,,,,false,,0,0,,false,,,N/A,Empower,,2541,3060,3060,true,true,true,true,,,,Approved,,Install Complete,2025-03-06,,,,Approved,,,Please import and I will manually go through,2026-03-15,
IMPORT-55,,Jason Smith,N/A 2,N/A 2,,,,,false,,0,0,,false,,,N/A,Empower,,2542,4876,4876,true,true,true,true,4876,,,Approved,,Install Complete,2025-03-07,,,,Approved,,[object Object],1000 trench 20ft | Please import and I will manually go through,2026-03-15,
3846,,"Jedrey, Nancy",N/A 2,N/A 2,333 Penney Rd New Gloucester,,ME,04260,false,,0,0,,false,,,N/A,Empower,,2543,0,6810,true,true,true,true,5688,1122,,Not Submitted,,Fully Paid / Closed,2025-08-14,,,,Approved,,[object Object],trench | Please import and I will manually go through,2026-03-17,
3729,,"Spurling, Roger",N/A 2,N/A 2,,,,,false,,0,0,,false,,,N/A,Empower,,2546,0,500,true,true,true,true,500,,,Not Submitted,,Fully Paid / Closed,2025-03-11,,,,Approved,,,S/V | Please import and I will manually go through,2026-03-17,
3057,,"Jefferson, Richard",N/A 2,N/A 2,,,,,false,,0,0,,false,,,N/A,Empower,,2547,0,1450,true,true,true,true,1450,,,Not Submitted,,Fully Paid / Closed,2025-03-12,,,,Approved,,,S/V | Please import and I will manually go through,2026-03-17,
3910,,"Steele, Jeremy",N/A 2,N/A 2,,,,,false,,0,0,,false,,,N/A,Empower,,2545,0,10200,true,true,true,true,8160,2040,,Not Submitted,,Fully Paid / Closed,2025-03-13,,,,Approved,,,Please import and I will manually go through,2026-03-17,
3991,,"Sideris, Denise",N/A 2,N/A 2,36 Gidley Town Rd,North Dartmouth,MA,02747,false,,0,0,,false,,,N/A,Empower,,2548,0,5960,true,true,true,true,4838,1122,,Not Submitted,,Fully Paid / Closed,2025-05-20,,,,Approved,,,S/V | Please import and I will manually go through,2026-03-17,
3933,,"Perry, Daphne",N/A 2,N/A 2,,,,,false,,0,0,,false,,,N/A,Empower,,2551,0,2652,true,true,true,true,2652,,,Not Submitted,,Fully Paid / Closed,2025-03-19,,,,Approved,,,C | Please import and I will manually go through,2026-03-17,
3381,,Brianna Medeiros,N/A 2,N/A 2,,,,,false,,0,0,,false,,,N/A,Empower,,2550,0,5610,true,true,true,true,4488,1122,,Not Submitted,,Fully Paid / Closed,2025-03-20,,,,Approved,,,C | Please import and I will manually go through,2026-03-17,
3861,,"Barton Jr, Francis",N/A 2,N/A 2,,,,,false,,0,0,,false,,,N/A,Empower,,2552,0,350,true,true,false,false,350,,,Not Submitted,,Install Complete,2025-03-21,,,,Approved,,,SV | Please import and I will manually go through,2026-03-17,
IMPORT-64,,Oakes Jessica,N/A 2,N/A 2,,,,,false,,0,0,,false,,,N/A,Empower,,2553,4080,4080,true,true,true,true,3264,816,,Approved,,Install Complete,2025-03-24,,,,Approved,,,100 | Please import and I will manually go through,2026-03-15,
3922,,"Enghagen, Linda",N/A 2,N/A 2,,,,,false,,0,0,,false,,,N/A,Empower,,2554,0,5610,true,true,true,true,4488,1122,,Not Submitted,,Fully Paid / Closed,2025-03-24,,,,Approved,,,Please import and I will manually go through,2026-03-17,
IMPORT-66,,Christine Chick,N/A 2,N/A 2,,,,,false,,0,0,,false,,,N/A,Empower,,2555,4845,4845,true,true,true,true,3876,969,,Approved,,Install Complete,2025-03-26,,,,Approved,,,Please import and I will manually go through,2026-03-15,
IMPORT-67,,Elizabeth Voigt-Mccue,N/A 2,N/A 2,,,,,false,,0,0,,false,,,N/A,Empower,,2556,5100,5100,true,true,true,true,4080,1020,,Approved,,Install Complete,2025-03-28,,,,Approved,,,Please import and I will manually go through,2026-03-15,
IMPORT-68,,Brendan Carson,N/A 2,N/A 2,,,,,false,,0,0,,false,,,N/A,Empower,,2557,4590,4590,true,true,true,true,3672,918,,Approved,,Install Complete,2025-03-28,,,,Approved,,,Please import and I will manually go through,2026-03-15,
3830,,"Muldoon, Gina",N/A 2,N/A 2,,,,,false,,0,0,,false,,,N/A,Empower,,2558,0,5865,true,true,true,true,4692,1173,,Not Submitted,,Fully Paid / Closed,2025-04-01,,,,Approved,,,23p C | Please import and I will manually go through,2026-03-17,
3946,,"Horton, Brenda",N/A 2,N/A 2,,,,,false,,0,0,,false,,,N/A,Empower,,2559,0,2856,true,true,true,true,2856,,,Not Submitted,,Fully Paid / Closed,2025-04-01,,,,Approved,,,C | Please import and I will manually go through,2026-03-17,
3912,,"Leary, Pamela",N/A 2,N/A 2,49 Fern St,Auburn,ME,04210,false,,0,0,,false,,,N/A,Empower,,2560,0,4590,true,true,true,true,3672,918,,Not Submitted,,Fully Paid / Closed,2025-07-15,,,,Approved,,,C | Please import and I will manually go through,2026-03-17,
3949,,"Voigt-Mccue, Elizabeth",N/A 2,N/A 2,53 Violette Ave,Waterville,ME,04901,false,8.500,0,0,,false,,,N/A,Empower,,2569,0,6000,true,true,true,true,6000,,,Not Submitted,,Fully Paid / Closed,2025-04-18,,,,Approved,,,NC | Please import and I will manually go through,2026-03-17,
2174,,"Manson, Martin",N/A 2,N/A 2,,,,,false,,0,0,,false,,,N/A,Empower,,2565,0,4000,true,true,true,true,4000,,,Not Submitted,,Fully Paid / Closed,2025-04-03,,,,Approved,,,C | Please import and I will manually go through,2026-03-17,
3977,,"Abdalla, Mha",N/A 2,N/A 2,,,,,false,,0,0,,false,,,N/A,Empower,,2561,0,5100,true,true,true,true,4080,1020,,Not Submitted,,Fully Paid / Closed,2025-04-04,,,,Approved,,,C | Please import and I will manually go through,2026-03-17,
3964,,"Buccheri, Linda",N/A 2,N/A 2,,,,,false,,0,0,,false,,,N/A,Empower,,2562,0,3302,true,true,true,true,2641.6,660.4,,Not Submitted,,Fully Paid / Closed,2025-04-08,,,,Approved,,,C | Please import and I will manually go through,2026-03-17,
3886,,"Ferlauto, Amy",N/A 2,N/A 2,110 Gleason St Thomaston,,ME,04861,false,4.250,0,0,,false,,,N/A,Empower,,2564,0,5550,true,true,true,true,5040,510,,Not Submitted,,Fully Paid / Closed,2025-04-22,,,,Approved,,,NC | Please import and I will manually go through,2026-03-17,
4006,,"Isaza, Katherine",N/A 2,N/A 2,,,,,false,,0,0,,false,,,N/A,Empower,,2563,0,2540,true,true,true,true,2032,508,,Not Submitted,,Fully Paid / Closed,2025-04-09,,,,Approved,,,C | Please import and I will manually go through,2026-03-17,
3908,,"Kyle, Karla",N/A 2,N/A 2,17 Earls Rd,South Berwick,ME,03908,false,5.100,0,0,,false,,,N/A,Empower,,2570,0,3060,true,true,true,true,2448,612,,Not Submitted,,Fully Paid / Closed,2025-04-19,,,,Approved,,,NC | Please import and I will manually go through,2026-03-17,
3959,,"Castrillo, Alex",N/A 2,N/A 2,97 Applewood Dr,Meriden,CT,06450,false,7.650,0,0,,false,,,N/A,Empower,,2566,0,4572,true,true,true,true,3657.6,914.4,,Not Submitted,,Fully Paid / Closed,2025-04-15,,,,Approved,,,,2026-03-17,
3990,,"Adet, Ayuen",N/A 2,N/A 2,86 Grant St,Lynn,MA,01902,false,5.525,0,0,,false,,,N/A,Empower,,2567,0,5315,true,true,true,true,4652,663,,Not Submitted,,Fully Paid / Closed,2025-04-16,,,,Approved,,[object Object],100a MPO 2000,2026-03-17,
3915,,"Melloni, Crystal",N/A 2,N/A 2,698 Mill St  Agawam,,MA,01030,false,5.100,0,0,,false,,,N/A,Empower,,2568,0,6315,true,true,true,true,5652,663,,Not Submitted,,Fully Paid / Closed,2025-04-18,,,,Approved,,,200a MPO 3000,2026-03-17,
3989,,"Beckwith, Chris",N/A 2,N/A 2,42 Main Rd N Hampden,,ME,04444,false,8.500,0,0,,false,,,N/A,Empower,,2571,0,9100,true,true,true,true,8080,1020,,Not Submitted,,Fully Paid / Closed,2025-04-21,,,,Approved,,,200a mpu Pending,2026-03-17,
3898,,"Coil, Paula",N/A 2,N/A 2,49 Crescent St Rockland,,ME,04841,false,,0,0,,false,,,N/A,Empower,,2603,0,7090,true,true,true,true,,7090,,Not Submitted,,Fully Paid / Closed,2025-04-22,,,,Approved,,[object Object],,2026-03-17,
3906,,"Wilkins, Arthur",N/A 2,N/A 2,88 Hovey Rd Milo Maine  04463,,ME,04463,false,,0,0,,false,,,N/A,Empower,,2544,0,20175,true,true,true,true,18900,1275,,Not Submitted,,Fully Paid / Closed,2025-04-23,,,,Approved,,[object Object],200a MPU completed,2026-03-17,
3820,,"Fournier, Daniel",N/A 2,N/A 2,1141 Waldo Station Rd Waldo,,ME,04915,false,6.375,0,0,,false,,,N/A,Empower,,2572,0,3825,true,true,true,true,3060,765,,Not Submitted,,Fully Paid / Closed,2025-04-24,,,,Approved,,,,2026-03-17,
3970,,"Williams, Andrew",N/A 2,N/A 2,425 Belgrade Rd,Oakland,ME,04963,false,7.650,0,0,,false,,,N/A,Empower,,2573,0,5590,true,true,true,true,4672,918,,Not Submitted,,Fully Paid / Closed,2025-04-25,,,,Approved,,,,2026-03-17,
3992,,"Lyford, Roger",N/A 2,N/A 2,185 Webb Ridge Rd,Saint Albans,ME,04971,false,,0,0,,false,,,N/A,Empower,,2577,0,5100,true,true,true,true,4080,1020,,Not Submitted,,Fully Paid / Closed,2025-04-28,,,,Approved,,,,2026-03-17,
3902,,"Bari, Didarul",N/A 2,N/A 2,357 Main St,Meriden,CT,06451,false,,0,0,,false,,,N/A,Empower,,2576,0,4064,true,true,true,true,3251.2,812.8,,Not Submitted,,Fully Paid / Closed,2025-04-28,,,,Approved,,,,2026-03-17,
3976,,"Ward, Mary Ellen",N/A 2,N/A 2,16 Clavette Rd,New Canada,ME,04743,false,,0,0,,false,,,N/A,Empower,,2579,0,4488,true,true,true,true,4488,,,Not Submitted,,Fully Paid / Closed,2025-04-30,,,,Approved,,,,2026-03-17,
3923,,"Waters, Katherine",N/A 2,N/A 2,25 Oxbow Rd,Dresden,ME,04342,false,,0,0,,false,,,N/A,Empower,,2580,0,18220,true,true,true,true,15976,2244,,Not Submitted,,Fully Paid / Closed,2025-05-01,,,,Approved,,,,2026-03-17,
3947,,"Frederick, Donald",N/A 2,N/A 2,319 Port Clyde Rd,St. George,ME,04860,false,,0,0,,false,,,N/A,Empower,,2578,0,10355,true,true,true,true,9284,1071,,Not Submitted,,Fully Paid / Closed,2025-05-03,,,,Approved,,,MPU,2026-03-17,
4042,,"Palmer, Lyndsay",N/A 2,N/A 2,56 Black Water Rd,Masardis,ME,04732,false,,0,0,,false,,,N/A,Empower,,2581,0,4080,true,true,true,true,3264,816,,Not Submitted,,Fully Paid / Closed,2025-05-05,,,,Approved,,,,2026-03-17,
3931,,"Eggiman, Martin",N/A 2,N/A 2,95 Tibbettstown Rd,Columbia Falls,ME,04623,false,,0,0,,false,,,N/A,Empower,,2582,0,5610,true,true,true,true,4488,1122,,Not Submitted,,Fully Paid / Closed,2025-05-06,,,,Approved,,,,2026-03-17,
3941,,"Puntillo, Vito",N/A 2,N/A 2,1 Country Way,Shrewsbury,MA,01545,false,,0,0,,false,,,N/A,Empower,,2584,0,8468,true,true,false,false,8468,,,Not Submitted,,Install Complete,2025-05-07,,,,Approved,,,,2026-03-17,
4048,,"Leventhal, Matt",N/A 2,N/A 2,,,,,false,,0,0,,false,,,N/A,Empower,,2585,0,3556,true,true,true,true,2844.8,711.2,,Not Submitted,,Fully Paid / Closed,2025-05-08,,,,Approved,,,Please import and I will manually go through,2026-03-17,
4139,,"Iacono, Robert",N/A 2,N/A 2,,,,,false,,0,0,,false,,,N/A,Empower,,2583,0,4590,true,true,true,true,3672,918,,Not Submitted,,Fully Paid / Closed,2025-05-09,,,,Approved,,,Please import and I will manually go through,2026-03-17,
4074,,"Konoski, Elaine",N/A 2,N/A 2,,,,,false,,0,0,,false,,,N/A,Empower,,2586,0,7000.8,true,true,true,true,6289.6,711.2,,Not Submitted,,Fully Paid / Closed,2025-05-09,,,,Approved,,[object Object],Please import and I will manually go through,2026-03-17,
4004,,"Eldredge, Susan",N/A 2,N/A 2,,,,,false,,0,0,,false,,,N/A,Empower,,2587,0,3994,true,true,true,true,3435.2,558.8,,Not Submitted,,Fully Paid / Closed,2025-05-10,,,,Approved,,[object Object],Please import and I will manually go through,2026-03-17,
4009,,"Ruby, William",N/A 2,N/A 2,43 Short Woods Rd,New Fairfield,CT,06812,false,,0,0,,false,,,N/A,Empower,,2598,0,5080,true,true,true,true,4064,1016,,Not Submitted,,Fully Paid / Closed,2025-05-12,,,,Approved,,,,2026-03-17,
IMPORT-103,,"Rodriguez, Nelson - 300-052",N/A 2,N/A 2,76 Alderman St,Springfield,MA,01108,false,,22,0,,false,,,N/A,Empower,,,0,0,true,true,false,false,,,,Approved,,Install Complete,2025-05-13,,,,Approved,,,,2026-03-15,
3895,,"Upp, Kathleen",N/A 2,N/A 2,118 Blueberry Ridge Rd Eddington,,ME,04428,false,,0,0,,false,,,N/A,Empower,,2594,0,3825,true,true,true,true,3060,765,,Not Submitted,,Fully Paid / Closed,2025-05-13,,,,Approved,,,,2026-03-17,
4018,,"Gurney, Holly",N/A 2,N/A 2,266 Pond Rd,Lewiston,ME,04240,false,,0,0,,false,,,N/A,Empower,,2595,0,3825,true,true,true,true,3060,765,,Not Submitted,,Fully Paid / Closed,2025-05-14,,,,Approved,,,,2026-03-17,
4066,,"Bouchard, Cole",N/A 2,N/A 2,216 Reeves Rd Bradford,,ME,04410,false,,0,0,,false,,,N/A,Empower,,2596,0,4896,true,true,true,true,4896,,,Not Submitted,,Fully Paid / Closed,2025-05-15,,,,Approved,,,,2026-03-17,
4025,,"Hoot, Kristen",N/A 2,N/A 2,389 Blackstrap Rd,Falmouth,ME,04105,false,,0,0,,false,,,N/A,Empower,,2597,0,6120,true,true,true,true,4896,1224,,Not Submitted,,Fully Paid / Closed,2025-05-16,,,,Approved,,,,2026-03-17,
4093,,"Fallon, Ryland",N/A 2,N/A 2,11 Sumner Dr Mansfield,,CT,06268,false,,0,0,,false,,,N/A,Empower,,2600,0,4572,true,true,true,true,3657.6,914.4,,Not Submitted,,Fully Paid / Closed,2025-05-16,,,,Approved,,,,2026-03-17,
4082,,"Jarman, Amy",N/A 2,N/A 2,406 Silver Creek Ln Norwalk,,CT,06850,false,,0,0,,false,,,N/A,Empower,,2601,0,5810,true,true,true,true,5048,762,,Not Submitted,,Fully Paid / Closed,2025-06-03,,,,Approved,,[object Object],,2026-03-17,
3971,,"Semprebon, Michael",N/A 2,N/A 2,35 Cobblestone Rd,Clarksville,NH,03592,false,6.375,0,0,,false,,,N/A,Empower,,2605,0,4825,true,true,true,true,4825,,,Not Submitted,,Fully Paid / Closed,2025-06-09,,,,Approved,,,Finish Trench,2026-03-17,
4071,,"Taplin, Carl",N/A 2,N/A 2,37 Fairview Ave Watertown,,MA,02472,false,,0,0,,false,,,N/A,Empower,,2604,0,12060,true,true,true,true,11448,612,,Not Submitted,,Fully Paid / Closed,2025-05-19,,,,Approved,,[object Object],,2026-03-17,
4120,,"Mugisha, Lorraine",N/A 2,N/A 2,65 Brooks Ave Lewiston,,ME,04240,false,,0,0,,false,,,N/A,Empower,,2607,0,3060,true,true,true,true,2040,1020,,Not Submitted,,Fully Paid / Closed,2025-05-20,,,,Approved,,,,2026-03-17,
4047,,"Scotland, Brys",N/A 2,N/A 2,164 Doles Ridge Rd,Limington,ME,04049,false,,0,0,,false,,,N/A,Empower,,2608,0,7395,true,true,true,true,5916,1479,,Not Submitted,,Fully Paid / Closed,2025-05-21,,,,Approved,,,,2026-03-17,
3956,,"Calderon, Carlos",N/A 2,N/A 2,229 Stafford Rd,Fall River,MA,02721,false,,0,0,,false,,,N/A,Empower,,2609,0,20557,true,true,true,true,19384,1173,,Not Submitted,,Fully Paid / Closed,2025-06-30,,,,Approved,,,Install 3x new MSP,2026-03-17,
4052,,"Long, Suzanne",N/A 2,N/A 2,474 E Main St,Madawaska,ME,04756,false,,0,0,,false,,,N/A,Empower,,2610,0,3315,true,true,true,true,2652,663,,Not Submitted,,Fully Paid / Closed,2025-05-22,,,,Approved,,,,2026-03-17,
4055,,"Gole, Christophe",N/A 2,N/A 2,30 Olive St Northampton,,MA,01060,false,,0,0,,false,,,N/A,Empower,,2611,0,9741,true,true,true,true,8772,969,,Not Submitted,,Fully Paid / Closed,2025-06-01,,,,Approved,,,,2026-03-17,
3974,,"Green, James",N/A 2,N/A 2,17 Saltaire Dr,Old Saybrook,CT,06475,false,,0,0,,false,,,C,Empower,,2612,0,10160,true,true,true,true,8128,2032,,Not Submitted,,Fully Paid / Closed,2025-05-27,,,,Approved,,,,2026-03-17,
4010,,"Deprey, Christopher",N/A 2,N/A 2,377 Peabody Pond Rd,Sebago,ME,04029,false,,0,0,,false,,,C,Empower,,2613,0,3825,true,true,true,true,3060,765,,Not Submitted,,Fully Paid / Closed,2025-05-28,,,,Approved,,,,2026-03-17,
3883,,"Upton-Sukeforth, Robin",N/A 2,N/A 2,1372 W Rd Litchfield,,ME,04350,false,,0,0,,false,,,C,Empower,,2614,0,5100,true,true,true,true,4080,1020,,Not Submitted,,Fully Paid / Closed,2025-05-29,,,,Approved,,,,2026-03-17,
4034,,"Barker, Megan",N/A 2,N/A 2,54 Lake Ridge Dr,Sidney,ME,04330,false,,0,0,,false,,,n/c,Empower,,2615,0,18557,true,true,true,true,17384,1173,,Not Submitted,,Fully Paid / Closed,2025-06-06,,,,Approved,,[object Object],Put the pipe pull wires and do wiring,2026-03-17,
4019,,"Kassuhn, Michael",N/A 2,N/A 2,40 Doughty Ave,Levant,ME,04456,false,,0,0,,false,,,N/A,Empower,,2617,0,4845,true,true,true,true,3876,969,,Not Submitted,,Fully Paid / Closed,2025-06-03,,,,Approved,,,,2026-03-17,
3901,,"Hadden, Lucy",N/A 2,N/A 2,29 Ellsworth Ave,Cambridge,MA,,false,,0,0,,false,,,N/A,Empower,,2616,0,7875,true,true,true,true,6600,1275,,Not Submitted,,Fully Paid / Closed,2025-06-04,,,,Approved,,[object Object],,2026-03-17,
3936,,"Kimball, Carolyn",N/A 2,N/A 2,347 Easton Rd,Presque Isle,ME,04769,false,,0,0,,false,,,N/A,Empower,,2618,0,4580,true,true,true,true,3764,816,,Not Submitted,,Fully Paid / Closed,2025-06-04,,,,Approved,,[object Object],,2026-03-17,
IMPORT-128,,"Ramos, Elizabeth - 300-013",N/A 2,N/A 2,45 Parker St,Chelsea,MA,02150,false,,26,0,,false,,,N/A,ISUN,,,0,0,true,false,false,false,,,,Approved,,Install Complete,2025-06-05,,,,Approved,,,,2026-03-15,
4094,,"Ortega, Mario",N/A 2,N/A 2,31 Green St,Biddeford,ME,04005,false,,0,0,,false,,,N/A,Empower,,2619,0,3570,true,true,true,true,2856,714,,Not Submitted,,Fully Paid / Closed,2025-06-05,,,,Approved,,,,2026-03-17,
3953,,"Zuromski, Kaelene",N/A 2,N/A 2,59 Grand St Middletown,,CT,06457,false,10.625,0,0,,false,,,N/A,Empower,,2622,0,6950,true,true,true,true,5680,1270,,Not Submitted,,Fully Paid / Closed,2025-06-11,,,,Approved,,[object Object],,2026-03-17,
4170,,"McLellan, Jeremy",N/A 2,N/A 2,348 Bridge St,Westbrook,ME,,false,9.030,0,0,,false,,,N/A,Empower,,2623,0,6105,true,true,true,true,5034,1071,,Not Submitted,,Fully Paid / Closed,2025-07-31,,,,Approved,,,,2026-03-17,
4152,,"Leger, Gail",N/A 2,N/A 2,40 Puritan Ln Durham,,ME,04222,false,10.200,0,0,,false,,,N/A,Empower,,2624,0,4896,true,true,true,true,4896,,,Not Submitted,,Fully Paid / Closed,2025-06-12,,,,Approved,,,,2026-03-17,
4038,,"Heretakis, Charlene",N/A 2,N/A 2,227 Norton Hill Rd,Dover-Foxcroft,ME,04426,false,9.350,0,0,,false,,,N/A,Empower,,2625,0,4590,true,true,true,true,3672,918,,Not Submitted,,Fully Paid / Closed,2025-06-13,,,,Approved,,,,2026-03-17,
4286,,"Lanzarone, Dana",N/A 2,N/A 2,152 Elm Hill Rd,Paris,ME,04281,false,13.600,0,0,,false,,,N/A,Empower,,2626,0,8160,true,true,true,true,6528,1632,,Not Submitted,,Fully Paid / Closed,2025-06-16,,,,Approved,,,,2026-03-17,
4021,,"Shepard, Amanda",N/A 2,N/A 2,26 Fourth St,Mexico,ME,04257,false,7.650,0,0,,false,,,N/A,Empower,,2627,0,4590,true,true,true,true,3672,918,,Not Submitted,,Fully Paid / Closed,2025-06-17,,,,Approved,,,,2026-03-17,
4222,,"Colon, Yesenia",N/A 2,N/A 2,132 Mountain Rd,Manchester,CT,06040,false,19.550,0,0,,false,,,N/A,Empower,,2590,0,18684,true,true,true,true,16347.2,2336.8,,Not Submitted,,Fully Paid / Closed,2025-07-21,,,,Approved,,,Finish Trench,2026-03-17,
4028,,"Hoot, Kristen",N/A 2,N/A 2,6 Bayview Dr Eastport,Eastport,ME,04631,false,6.450,0,0,,false,,,N/A,Empower,,2630,0,3060,true,true,true,true,3060,,,Not Submitted,,Fully Paid / Closed,2025-06-24,,,,Approved,,,,2026-03-17,
4229,,"Brock, David",N/A 2,N/A 2,980 N Lubec Rd,Lubec,ME,04652,false,12.040,0,0,,false,,,N/A,Empower,,2631,0,6630,true,true,true,true,5304,1326,,Not Submitted,,Fully Paid / Closed,2025-06-25,,,,Approved,,,,2026-03-17,
4087,,"Bailey, Richard",N/A 2,N/A 2,55 Greenfield Dr South Windsor,,CT,06074,false,9.775,0,0,,false,,,N/A,Empower,,2629,0,5842,true,true,true,true,4673.6,1168.4,,Not Submitted,,Fully Paid / Closed,2025-06-26,,,,Approved,,,,2026-03-17,
4056,,"Weaver, Katelynn",N/A 2,N/A 2,184 Heal Rd,Lincolnville,ME,04849,false,6.375,0,0,,false,,,N/A,Empower,,2632,0,9325,true,true,true,true,8560,765,,Not Submitted,,Fully Paid / Closed,2025-07-11,,,,Approved,,,MSPU,2026-03-17,
4280,,"Carter, Nick",N/A 2,N/A 2,34 Old County Rd,Etna,ME,04434,false,,0,0,,false,,,N/A,Empower,,2634,0,5100,true,true,true,true,4080,1020,,Not Submitted,,Fully Paid / Closed,2025-07-02,,,,Approved,,,,2026-03-17,
4329,,"Perez, Catalina",N/A 2,N/A 2,60 Highland Ave,Danbury,CT,06810,false,,0,0,,false,,,N/A,Empower,,2633,0,7310,true,true,true,true,6548,762,,Not Submitted,,Fully Paid / Closed,2025-07-02,,,,Approved,,,,2026-03-17,
4187,,"Ndagijimana, Jerome",N/A 2,N/A 2,2 Summit Rd,Windham,ME,04062,false,,0,0,,false,,,N/A,Empower,,2635,0,6375,true,true,true,true,5100,1275,,Not Submitted,,Fully Paid / Closed,2025-09-24,,,,Approved,,,SITEVIST,2026-03-17,
3988,,"Foster, Steven",N/A 2,N/A 2,896 Prospect St,Hamden,CT,06517,false,23.375,0,0,,false,,,N/A,Empower,,2637,0,14470,true,true,true,true,11676,2794,,Not Submitted,,Fully Paid / Closed,2025-07-07,,,,Approved,,[object Object],,2026-03-17,
4168,,"DiToro, Bonnie",N/A 2,N/A 2,493 Carvell Rd  Chapman,,ME,04757,false,8.925,0,0,,false,,,N/A,Empower,,2638,0,5284,true,true,true,true,5284,,,Not Submitted,,Fully Paid / Closed,2025-07-08,,,,Approved,,,,2026-03-17,
4290,,"Sachs, Ira",N/A 2,N/A 2,12 Brook Hill Rd,Litchfield,CT,06759,false,6.800,0,0,,false,,,N/A,Empower,,2639,0,4064,true,true,true,true,3251.2,812.8,,Not Submitted,,Fully Paid / Closed,2025-07-09,,,,Approved,,,,2026-03-17,
IMPORT-153,,Maher patricia,N/A 2,N/A 2,24 Carriage Dr,Waterbury,CT,06708,false,250.00,0,0,,false,,,N/A,Empower,,2643,250,250,true,true,true,true,250,,,Approved,,Install Complete,2025-07-10,,,,Approved,,,S/V,2026-03-15,
4220,,"Matthews, Michael",N/A 2,N/A 2,142 Thomaston St,Rockland,ME,04841,false,9.030,0,0,,false,,,N/A,Empower,,2640,0,5355,true,true,true,true,4284,1071,,Not Submitted,,Fully Paid / Closed,2025-07-10,,,,Approved,,,,2026-03-17,
4116,,"Cass, Sarah",N/A 2,N/A 2,73 Penney Ln,Durham,ME,04222,false,10.320,0,0,,false,,,N/A,Empower,,2641,0,6120,true,true,true,true,4896,1224,,Not Submitted,,Fully Paid / Closed,2025-07-11,,,,Approved,,,,2026-03-17,
4274,,"Benedict, Jason",N/A 2,N/A 2,2 Ryefield Dr,Scarborough,ME,04074,false,14.190,0,0,,false,,,N/A,Empower,,2644,0,8415,true,true,true,true,6732,1683,,Not Submitted,,Fully Paid / Closed,2025-07-15,,,,Approved,,,,2026-03-17,
4283,,"Plourde, John",N/A 2,N/A 2,55 Bel Aire Dr,Plainville,CT,06062,false,10.320,0,0,,false,,,N/A,Empower,,2646,0,6096,true,true,true,true,4876.8,1219.2,,Not Submitted,,Fully Paid / Closed,2025-07-16,,,,Approved,,,,2026-03-17,
4409,,"Merchant, Gregory",N/A 2,N/A 2,315 Isthmus Rd,Rumford,ME,04276,false,11.610,0,0,,false,,,N/A,Empower,,2645,0,6885,true,true,true,true,5508,1377,,Not Submitted,,Fully Paid / Closed,2025-07-17,,,,Approved,,,,2026-03-17,
4098,,"Blackburn, Kelly",N/A 2,N/A 2,112 Grove St,Medford,MA,02155,false,5.950,0,0,,false,,,N/A,Empower,,2647,0,5070,true,true,true,true,4356,714,,Not Submitted,,Fully Paid / Closed,2025-07-30,,,,Approved,,,,2026-03-17,
4083,,"Jerkins, Mark",N/A 2,N/A 2,3 Starbarn Ave,Frenchville,ME,04745,false,5.160,0,0,,false,,,N/A,Empower,,2649,0,10060,true,true,true,true,9448,612,,Not Submitted,,Fully Paid / Closed,2025-08-05,,,,Approved,,,,2026-03-17,
4113,,"Sherry, Ricky",N/A 2,N/A 2,23 Warren St,Norwich,CT,06360,false,11.475,0,0,,false,,,N/A,Empower,,2648,0,8858,true,true,true,true,7486.4,1371.6,,Not Submitted,,Fully Paid / Closed,2025-07-23,,,,Approved,,,,2026-03-17,
4172,,"Baker, Paul",N/A 2,N/A 2,1055 Avon Blvd,Cheshire,CT,06410,false,,0,0,,false,,,N/A,Empower,,2653,0,5080,true,true,true,true,4064,1016,,Not Submitted,,Fully Paid / Closed,2025-07-29,,,,Approved,,,,2026-03-17,
4250,,"Ibeneme, Chioma",N/A 2,N/A 2,17 High St,Hallowell,ME,04347,false,12.040,0,0,,false,,,N/A,Empower,,2652,0,7140,true,true,true,true,5712,1428,,Not Submitted,,Fully Paid / Closed,2025-07-30,,,,Approved,,,,2026-03-17,
4045,,"Kopchick, Thomas",N/A 2,N/A 2,80 Middlesex Ave Ext,Portland,CT,06480,false,,0,0,,false,,,N/A,Empower,,2654,0,6604,true,true,true,true,5283.2,1320.8,,Not Submitted,,Fully Paid / Closed,2025-07-30,,,,Approved,,,,2026-03-17,
3519,,"Niziolek, Michael",N/A 2,N/A 2,56 Kelsey Springs Drive,Madison,CT,06443,false,,0,0,,false,,,N/A,Empower,,2661,0,350,true,true,true,true,350,,,Not Submitted,,Fully Paid / Closed,2025-08-04,,,,Approved,,,350 | SV,2026-03-17,
3600,,Scott Hosier,N/A 2,N/A 2,304 Hudson Hill Rd,Hudson,ME,04449,false,,0,0,,false,,,N/A,Empower,,2662,0,550,true,true,true,true,550,,,Not Submitted,,Fully Paid / Closed,2025-08-04,,,,Approved,,,550 | SV,2026-03-17,
4416,,"Miller, Richard",N/A 2,N/A 2,199 Shadow Ln,Pittsford,VT,05763,false,9.030,0,0,,false,,,N/A,Empower,,2658,0,5355,true,true,true,true,4284,1071,,Not Submitted,,Fully Paid / Closed,,,,,Approved,,,SV,2026-03-17,
4387,,"Isaacson, Alan",N/A 2,N/A 2,27 Straight Rd,Mount Holly,VT,05758,false,15.480,0,0,,false,,,N/A,Empower,,2659,0,9180,true,true,true,true,7344,1836,,Not Submitted,,Fully Paid / Closed,,,,,Approved,,,SV,2026-03-17,
4369,,"Sorrajja, Brian",N/A 2,N/A 2,1140 Newgate Rd,Suffield,CT,06093,false,12.900,0,0,,false,,,N/A,Empower,,2660,0,7620,true,true,true,true,6096,1524,,Not Submitted,,Fully Paid / Closed,2025-08-07,,,,Approved,,,,2026-03-17,
2233,,"O'brien, Steven",N/A 2,N/A 2,3 Cross St,Plainville,CT,06062,false,,0,0,,false,,,N/A,Empower,,2663,0,250,true,true,true,true,250,,,Not Submitted,,Fully Paid / Closed,2025-08-08,,,,Approved,,,250 | SV,2026-03-17,
4448,,"Jehnings, Mark",N/A 2,N/A 2,47 Smith Ln,Burlington,CT,06013,false,,0,0,,false,,,N/A,Empower,,2621,0,11315,true,true,true,true,9122,2193,,Not Submitted,,Fully Paid / Closed,2025-08-11,,,,Approved,,,,2026-03-17,
4049,,"Barenchi, Jason",N/A 2,N/A 2,19 S Main St,Guilford,ME,04443,false,,0,0,,false,,,N/A,Empower,,2665,0,8670,true,true,true,true,6936,1734,,Not Submitted,,Fully Paid / Closed,2025-08-11,,,,Approved,,,,2026-03-17,
4499,,"Livermore, Jeffrey",N/A 2,N/A 2,41 Essex St,Framingham,MA,01702,false,,0,0,,false,,,N/A,Empower,,2666,0,4590,true,true,true,true,3672,918,,Not Submitted,,Fully Paid / Closed,2025-08-13,,,,Approved,,,,2026-03-17,
4355,,"Gibney, Michael",N/A 2,N/A 2,22 Magnolia Way,Southington,CT,06489,false,,0,0,,false,,,N/A,Empower,,2668,0,3060,true,true,true,true,2448,612,,Not Submitted,,Fully Paid / Closed,2025-08-13,,,,Approved,,,,2026-03-17,
4351,,"Pimpinella, Philip",N/A 2,N/A 2,231 Reeds Ln,Stratford,CT,06614,false,,0,0,,false,,,Trench,Empower,,2669,0,5415,true,true,true,true,3885,1530,,Not Submitted,,Fully Paid / Closed,2025-08-14,,,,Approved,,[object Object],,2026-03-17,
3867,,"Yamamoto, Lisa",N/A 2,N/A 2,53 Highland Avenue,Bangor,ME,,false,,0,0,,false,,,N/A,Empower,,2527,0,9856,true,true,true,true,9856,,,Not Submitted,,Fully Paid / Closed,2025-08-15,,,,Approved,,,MPU,2026-03-17,
4428,,"Hallinean, Patrick",N/A 2,N/A 2,91 Pepperidge Rd,Portland,CT,06480,false,,0,0,,false,,,N/A,Empower,,2670,0,6375,true,true,true,true,5100,1275,,Not Submitted,,Fully Paid / Closed,2025-08-15,,,,Approved,,,,2026-03-17,
4360,,"Weller, Chandler",N/A 2,N/A 2,111 Wade Rd,Moretown,VT,05660,false,,0,0,,false,,,N/A,Empower,,2672,0,6120,true,true,true,true,4896,1224,,Not Submitted,,Fully Paid / Closed,2025-08-18,,,,Approved,,,,2026-03-17,
4095,,"Nevelos, Richard",N/A 2,N/A 2,144 Daryl Dr,Vernon,CT,06066,false,,0,0,,false,,,N/A,Empower,,2673,0,4590,true,true,true,true,3672,918,,Not Submitted,,Fully Paid / Closed,2025-08-18,,,,Approved,,,,2026-03-17,
4364,,"Beaudoin, Brian",N/A 2,N/A 2,2 Steeplechase Ln,Franklin,MA,02038,false,,0,0,,false,,,N/A,Empower,,2674,0,4080,true,true,true,true,3264,816,,Not Submitted,,Fully Paid / Closed,2025-08-18,,,,Approved,,,,2026-03-17,
4471,,"Jensen, Ezekiel",N/A 2,N/A 2,20 Sharaf St,New London,CT,06320,false,,0,0,,false,,,Trench,Empower,,2675,0,6490,true,true,true,true,5572,918,,Not Submitted,,Fully Paid / Closed,2026-03-09,,,,Approved,,[object Object],1650,2026-03-17,
4040,,"Falcon, Martin",N/A 2,N/A 2,60 Marshall St,Springfield,MA,01109,false,,0,0,,false,,,N/A,Empower,,2676,0,2244,true,true,false,false,2244,,,Not Submitted,,Inspection Scheduled,2025-08-19,,,,Approved,,,,2026-03-17,
4344,,"Meve, Gail",N/A 2,N/A 2,4052 VT-14,Brookfield,VT,05036,false,,0,0,,false,,,N/A,Empower,,2677,0,4080,true,true,true,true,3264,816,,Not Submitted,,Fully Paid / Closed,,,,,Approved,,,SV,2026-03-17,
4303,,"Snell, Norma",N/A 2,N/A 2,25 Fraser Ct,Barnstable,MA,02630,false,,0,0,,false,,,N/A,Empower,,2678,0,7344,true,true,false,false,7344,,,Not Submitted,,Inspection Scheduled,2025-08-21,,,,Approved,,,,2026-03-17,
4324,,"Jordan, James",N/A 2,N/A 2,6817 Westminster W Rd,Putney,VT,05346,false,,0,0,,false,,,N/A,Empower,,2679,0,5100,true,true,true,true,4080,1020,,Not Submitted,,Fully Paid / Closed,,,,,Approved,,,SV,2026-03-17,
4226,,"Lazarczyk, David",N/A 2,N/A 2,60 Orchard St,Adams,MA,01220,false,,0,0,,false,,,N/A,Empower,,2680,0,2805,true,true,true,true,2244,561,,Not Submitted,,Fully Paid / Closed,2026-03-07,,,,Approved,,,Install CTS,2026-03-17,
4188,,"Dassau, Paul",N/A 2,N/A 2,100 Ellery St,Wrentham,MA,02093,false,,0,0,,false,,,N/A,Empower,,2681,0,2805,true,true,true,true,2244,561,,Not Submitted,,Fully Paid / Closed,2025-08-22,,,,Approved,,,,2026-03-17,
4410,,"Deburlo, John",N/A 2,N/A 2,27 Colodny Way,South Hero,VT,05486,false,,0,0,,false,,,N/A,Empower,,2682,0,7130,true,true,true,true,5804,1326,,Not Submitted,,Fully Paid / Closed,2025-10-01,,,,Approved,,[object Object],,2026-03-17,
4234,,"Lugo, Nefri",N/A 2,N/A 2,366 Main St,Meriden,CT,06451,false,,0,0,,false,,,N/A,Empower,,2683,0,5355,true,true,true,true,4284,1071,,Not Submitted,,Fully Paid / Closed,2025-08-22,,,,Approved,,,,2026-03-17,
4381,,"Serby, Erik",N/A 2,N/A 2,55 Edgewood Cir,Southington,CT,06489,false,,0,0,,false,,,N/A,Empower,,2684,0,4080,true,true,true,true,3264,816,,Not Submitted,,Fully Paid / Closed,2025-08-25,,,,Approved,,,,2026-03-17,
4361,,"Packard, Christopher",N/A 2,N/A 2,549 5 Islands Rd,Georgetown,ME,04548,false,,0,0,,false,,,N/A,Empower,,2685,0,4590,true,true,true,true,3672,918,,Not Submitted,,Fully Paid / Closed,2025-08-25,,,,Approved,,,,2026-03-17,
4312,,"Mayo, Jason",N/A 2,N/A 2,55 Mohawk Dr,West Hartford,CT,06117,false,,0,0,,false,,,N/A,Empower,,2686,0,10200,true,true,true,true,8160,2040,,Not Submitted,,Fully Paid / Closed,2025-08-26,,,,Approved,,,,2026-03-17,
4288,,"Woodcock, Jon",N/A 2,N/A 2,14 Blake Ave,Saco,ME,04072,false,,0,0,,false,,,N/A,Empower,,2687,0,6936,true,true,false,false,6936,,,Not Submitted,,Inspection Scheduled,2025-08-26,,,,Approved,,,,2026-03-17,
4392,,"Dyer, Rushane",N/A 2,N/A 2,12 Whipporwill Dr,Shelton,CT,06484,false,,0,0,,false,,,N/A,Empower,,2688,0,10200,true,true,true,true,8160,2040,,Not Submitted,,Fully Paid / Closed,2025-08-27,,,,Approved,,,,2026-03-17,
4443,,"Heidemann, Camilla",N/A 2,N/A 2,316 Stones Point Rd,Cushing,ME,04563,false,,0,0,,false,,,N/A,Empower,,2689,0,4080,true,true,true,true,3570,510,,Not Submitted,,Fully Paid / Closed,2025-08-27,,,,Approved,,[object Object],Need taps for 400amp,2026-03-17,
4462,,"Nickerson, Scott",N/A 2,N/A 2,8 Hill St,Fairhaven,MA,02719,false,,0,0,,false,,,N/A,Empower,,2690,0,3264,true,true,false,false,3264,,,Not Submitted,,Inspection Scheduled,2026-03-06,,,,Approved,,,,2026-03-17,
4573,,"Lajoie, Robert",N/A 2,N/A 2,49 Hogan Rd,Lewiston,ME,04240,false,,0,0,,false,,,N/A,Empower,,2691,0,5865,true,true,true,true,4692,1173,,Not Submitted,,Fully Paid / Closed,2025-08-28,,,,Approved,,,,2026-03-17,
4314,,"Maher, Patricia",N/A 2,N/A 2,24 Carriage Dr,Waterbury,CT,06708,false,,0,0,,false,,,N/A,Empower,,2692,0,3570,true,true,true,true,2856,714,,Not Submitted,,Fully Paid / Closed,2025-08-29,,,,Approved,,,,2026-03-17,
4272,,"Pease McCullen, Molly",N/A 2,N/A 2,264 E Ridge Rd,Greenbush,ME,04418,false,,0,0,,false,,,N/A,Empower,,2693,0,4284,true,true,false,false,4284,,,Not Submitted,,Inspection Scheduled,2025-08-29,,,,Approved,,,,2026-03-17,
4184,,"Eldridge, Joanne",N/A 2,N/A 2,56 Bittersweet Cir,Guilford,CT,06437,false,,0,0,,false,,,N/A,Empower,,2695,0,6885,true,true,true,true,5508,1377,,Not Submitted,,Fully Paid / Closed,2025-09-02,,,,Approved,,,,2026-03-17,
4256,,"Thurber, Welles",N/A 2,N/A 2,138 Hunt Rd,Belfast,ME,04915,false,,0,0,,false,,,N/A,Empower,,2696,0,4080,true,true,true,true,3264,816,,Not Submitted,,Fully Paid / Closed,2025-09-02,,,,Approved,,,,2026-03-17,
4385,,"Perilli, Julia",N/A 2,N/A 2,299 Hewitt Hill Ln,Royalton,VT,05068,false,,0,0,,false,,,N/A,Empower,,2697,0,3310,true,true,true,true,2698,612,,Not Submitted,,Fully Paid / Closed,,,,,Approved,,,Wrong materials delivered,2026-03-17,
4611,,"Scaglia, John",N/A 2,N/A 2,34 Dartmouth Dr,Shelton,CT,06484,false,,0,0,,false,,,N/A,Empower,,2698,0,4692,true,true,true,true,4692,,,Not Submitted,,Fully Paid / Closed,2025-09-03,,,,Approved,,,,2026-03-17,
4605,,"Hilton, David",N/A 2,N/A 2,34B Chestnut Common,New Gloucester,ME,04260,false,,0,0,,false,,,N/A,Empower,,2699,0,2040,true,true,false,false,2040,,,Not Submitted,,Inspection Scheduled,2025-09-03,,,,Approved,,,,2026-03-17,
4492,,"Gomez, Stephanie",N/A 2,N/A 2,3 Heritage Ct,Wolcott,CT,06716,false,,0,0,,false,,,N/A,Empower,,2700,0,4845,true,true,true,true,3876,969,,Not Submitted,,Fully Paid / Closed,2026-01-16,,,,Approved,,,,2026-03-17,
4104,,"Lavoie, Tracy",N/A 2,N/A 2,151 State St,Van Buren,ME,04785,false,,0,0,,false,,,N/A,Empower,,2701,0,3922,true,true,true,true,3922,,,Not Submitted,,Fully Paid / Closed,2025-09-04,,,,Approved,,,Inverter arrived after 430,2026-03-17,
4422,,"Thurston, Adam",N/A 2,N/A 2,3873 River Rd,Troy,VT,05859,false,,0,0,,false,,,N/A,Empower,,2702,0,4335,true,true,true,true,3468,867,,Not Submitted,,Fully Paid / Closed,,,,,Approved,,,SV,2026-03-17,
4232,,"Rodriguez, Justin",N/A 2,N/A 2,392 Main St,Meriden,CT,06451,false,,0,0,,false,,,N/A,Empower,,2703,0,5100,true,true,true,true,4080,1020,,Not Submitted,,Fully Paid / Closed,2025-09-05,,,,Approved,,,,2026-03-17,
4423,,"Martel, Paul",N/A 2,N/A 2,12 N Marrs Point Rd,Wales,ME,04280,false,,0,0,,false,,,N/A,Empower,,2704,0,7905,true,true,true,true,6324,1581,,Not Submitted,,Fully Paid / Closed,2025-09-05,,,,Approved,,,,2026-03-17,
4541,,"Bray, James",N/A 2,N/A 2,147 Orchard St,Enosburg,VT,05450,false,,0,0,,false,,,N/A,Empower,,2735,0,7495,true,true,true,true,6271,1224,,Not Submitted,,Fully Paid / Closed,2025-09-18,,,,Approved,,[object Object],,2026-03-17,
4117,,"Douglas, Mark",N/A 2,N/A 2,350 Sharon Dr,Cheshire,CT,06410,false,,0,0,,false,,,N/A,Empower,,2706,0,10130,true,true,true,true,8804,1326,,Not Submitted,,Fully Paid / Closed,2025-09-16,,,,Approved,,,,2026-03-17,
4502,,"Matson, Jamie",N/A 2,N/A 2,390 Duck Cove Rd,Bucksport,ME,04416,false,,0,0,,false,,,N/A,Empower,,2707,0,4590,true,true,true,true,3672,918,,Not Submitted,,Fully Paid / Closed,2025-09-08,,,,Approved,,,,2026-03-17,
4583,,"Scelza, Christopher",N/A 2,N/A 2,447 US-5,Hartland,VT,05048,false,,0,0,,false,,,N/A,Empower,,2708,0,4080,true,true,true,true,3264,816,,Not Submitted,,Fully Paid / Closed,2025-09-08,,,,Approved,,,,2026-03-17,
4304,,"Jeffs, Henry",N/A 2,N/A 2,35 Canterbury Rd,Brooklyn,CT,06234,false,,0,0,,false,,,N/A,Empower,,2709,0,10456,true,true,true,true,10456,,,Not Submitted,,Fully Paid / Closed,2025-09-29,,,,Approved,,,mpu,2026-03-17,
3494,,"Ralphton, Richard",N/A 2,N/A 2,227 East Main Street,Avon,MA,02322,false,,0,0,,false,,,N/A,Empower,,2710,0,9365,true,true,true,true,8192,1173,,Not Submitted,,Fully Paid / Closed,2025-09-09,,,,Approved,,[object Object],MPU 200a MeterMain 3500,2026-03-17,
4579,,"Wiley, John",N/A 2,N/A 2,85 Smith St,Fryeburg,ME,04037,false,,0,0,,false,,,N/A,Empower,,2711,0,5100,true,true,true,true,4080,1020,,Not Submitted,,Fully Paid / Closed,2025-09-09,,,,Approved,,,,2026-03-17,
4640,,"Winter, Adam",N/A 2,N/A 2,117 N Jefferson Rd,South Burlington,VT,,false,,0,0,,false,,,N/A,Empower,,2862,0,4845,true,true,false,false,4845,,,Not Submitted,,Scheduled,2025-09-09,,,,Approved,,,,2026-03-17,
4494,,"Bartels, Suzanne",N/A 2,N/A 2,17 Pacific St,New London,CT,06320,false,,0,0,,false,,,N/A,Empower,,2713,0,2805,true,true,true,true,2244,561,,Not Submitted,,Fully Paid / Closed,2025-09-10,,,,Approved,,,,2026-03-17,
4284,,"Tahir, Manal",N/A 2,N/A 2,233 N Gorham Rd,Gorham,ME,04038,false,,0,0,,false,,,N/A,Empower,,2714,0,6120,true,true,true,true,4896,1224,,Not Submitted,,Fully Paid / Closed,2025-09-10,,,,Approved,,,,2026-03-17,
4282,,"Pascariu-Costo, Corinne",N/A 2,N/A 2,26 Brassor Dr,Wilmington,VT,05363,false,,0,0,,false,,,N/A,Empower,,2715,0,2550,true,true,true,true,2040,510,,Not Submitted,,Fully Paid / Closed,2025-09-10,,,,Approved,,,,2026-03-17,
3848,,"Trask, Matt",N/A 2,N/A 2,19 Brookside Dr,Buxton,ME,04093,false,,0,0,,false,,,N/A,Empower,,,0,816,true,true,true,true,,816,,Not Submitted,,Fully Paid / Closed,,,,,Approved,,,SV,2026-03-17,
4330,,"Pinto, William",N/A 2,N/A 2,9 Ox Dr,Brookfield,CT,06804,false,,0,0,,false,,,N/A,Empower,,2716,0,4896,true,true,true,true,3264,1632,,Not Submitted,,Fully Paid / Closed,2025-09-11,,,,Approved,,,,2026-03-17,
4402,,"Cialino, Charles",N/A 2,N/A 2,202 Fairview Dr,Waterboro,ME,04061,false,,0,0,,false,,,N/A,Empower,,2717,0,5712,true,true,true,true,5712,,,Not Submitted,,Fully Paid / Closed,2025-09-11,,,,Approved,,,,2026-03-17,
4550,,"Horn, Bradley",N/A 2,N/A 2,962 Bean Rd,Charlotte,VT,05445,false,,0,0,,false,,,N/A,Empower,,2718,0,2550,true,true,true,true,2040,510,,Not Submitted,,Fully Paid / Closed,2025-09-11,,,,Approved,,,,2026-03-17,
4415,,"Delano, Ryan",N/A 2,N/A 2,211 Peltoma Ave,Pittsfield,ME,04967,false,,0,0,,false,,,N/A,Empower,,2719,0,4335,true,true,true,true,3468,867,,Not Submitted,,Fully Paid / Closed,2025-09-12,,,,Approved,,,,2026-03-17,
4609,,"Rainey, Timothy",N/A 2,N/A 2,204 Commercial Ave,Lunenburg,VT,05904,false,,0,0,,false,,,N/A,Empower,,2720,0,6630,true,true,true,true,5304,1326,,Not Submitted,,Fully Paid / Closed,2025-09-12,,,,Approved,,,,2026-03-17,
4078,,"Friend, James",N/A 2,N/A 2,97 Milton Rd,Bristol,CT,06010,false,,0,0,,false,,,N/A,,,2721,0,6630,true,true,true,true,5304,1326,,Not Submitted,,Fully Paid / Closed,2025-09-15,,,,Approved,,,,2026-03-17,
4107,,"Selden, Sarah",N/A 2,N/A 2,55 Choate Dr,Petersham,MA,01366,false,,0,0,,false,,,N/A,,,2722,0,5100,true,true,true,true,5100,,,Not Submitted,,Fully Paid / Closed,2025-09-15,,,,Approved,,,,2026-03-17,
4318,,"Horn, Megan",N/A 2,N/A 2,169 Pine Hill Rd a,Berwick,ME,03901,false,,0,0,,false,,,N/A,,,2733,0,3264,true,true,true,true,3264,,,Not Submitted,,Fully Paid / Closed,2025-09-15,,,,Approved,,,,2026-03-17,
4407,,"Maloney, Frank",N/A 2,N/A 2,742 Paradis Mountain Rd,Brighton,VT,05846,false,,0,0,,false,,,N/A,,,2723,0,6324,true,true,false,false,6324,,,Not Submitted,,Inspection Scheduled,2025-09-15,,,,Approved,,,,2026-03-17,
4228,,"Romero, Thomas",N/A 2,N/A 2,43 Buckingham Dr,Southwick,MA,01077,false,,0,0,,false,,,N/A,,,2735,0,2550,true,true,true,true,2040,510,,Not Submitted,,Fully Paid / Closed,2025-09-16,,,,Approved,,,,2026-03-17,
4469,,"Arnold, Lee Ann",N/A 2,N/A 2,237 River Rd,Brunswick,ME,04011,false,,0,0,,false,,,N/A,,,2724,0,8670,true,true,true,true,6936,1734,,Not Submitted,,Fully Paid / Closed,2025-09-16,,,,Approved,,,,2026-03-17,
4633,,"Reina, Dennis",N/A 2,N/A 2,560 Black Bear Run,Stowe,VT,05672,false,,0,0,,false,,,N/A,,,2725,0,4080,true,true,true,true,3264,816,,Not Submitted,,Fully Paid / Closed,2025-09-16,,,,Approved,,,,2026-03-17,
4635,,"Barrows, Erik",N/A 2,N/A 2,1 Eastview Dr,Simsbury,CT,06070,false,,0,0,,false,,,N/A,,,2726,0,3564,true,true,true,true,3564,,,Not Submitted,,Fully Paid / Closed,2025-09-17,,,,Approved,,,Tandem breakers 400,2026-03-17,
4183,,"Lehouillier, Alana",N/A 2,N/A 2,33 E Orchard Terrace,Adams,MA,01220,false,,0,0,,false,,,N/A,,,2727,0,3825,true,true,true,true,3060,765,,Not Submitted,,Fully Paid / Closed,2025-09-17,,,,Approved,,,,2026-03-17,
4051,,"Plimpton, Anne",N/A 2,N/A 2,18 Open Harbor Ln,Stonington,ME,04681,false,,0,0,,false,,,N/A,,,2602,0,3356,true,true,false,false,3356,,,Not Submitted,,Inspection Scheduled,2025-09-17,,,,Approved,,,,2026-03-17,
4496,,"Cox, Thomas",N/A 2,N/A 2,69 Pleasant Valley Rd,Springfield,VT,05156,false,,0,0,,false,,,N/A,,,2729,0,5865,true,true,true,true,4692,1173,,Not Submitted,,Fully Paid / Closed,2025-09-17,,,,Approved,,,,2026-03-17,
4603,,"Nino, Jonathan",N/A 2,N/A 2,133 Fabyan Woodstock Rd,North Grosvenor Dale,CT,06255,false,,0,0,,false,,,N/A,,,2730,0,12750,true,true,true,true,10200,2550,,Not Submitted,,Fully Paid / Closed,2025-09-18,,,,Approved,,,,2026-03-17,
4514,,"Levy, Clifford",N/A 2,N/A 2,3 Kendall Ln,Falmouth,MA,02540,false,,0,0,,false,,,N/A,,,2731,0,4788,true,true,true,true,4788,,,Not Submitted,,Fully Paid / Closed,2025-09-18,,,,Approved,,[object Object],Wrong materials delivered next day 300$,2026-03-17,
4576,,"Grigoryan, Luba",N/A 2,N/A 2,45 Nichols St,Swampscott,MA,01907,false,,0,0,,false,,,N/A,,,2732,0,3264,true,true,true,true,3264,,,Not Submitted,,Fully Paid / Closed,2025-09-19,,,,Approved,,,,2026-03-17,
4638,,"Pesino, Sherry",N/A 2,N/A 2,119 Dorothy Dr,Middletown,CT,06457,false,,0,0,,false,,,N/A,,,2736,0,8670,true,true,true,true,6936,1734,,Not Submitted,,Fully Paid / Closed,2025-09-22,,,,Approved,,,,2026-03-17,
4520,,"Henderson, Kathryn",N/A 2,N/A 2,38 Mayflower Ln,Rochester,MA,02770,false,,0,0,,false,,,N/A,,,2737,0,9435,true,true,true,true,7548,1887,,Not Submitted,,Fully Paid / Closed,2025-09-22,,,,Approved,,,2day,2026-03-17,
4086,,"Parsons, Matthew",N/A 2,N/A 2,121 Mill Valley Rd,Hadley,MA,01035,false,,0,0,,false,,,N/A,,,2748,0,7784,true,true,false,false,7784,,,Not Submitted,,Inspection Scheduled,2026-02-12,,,,Approved,,[object Object],3day ground mount,2026-03-17,
4389,,"Stroh, Olena",N/A 2,N/A 2,170 Edgewood Cir,Southington,CT,06489,false,,0,0,,false,,,N/A,,,2738,0,3060,true,true,true,true,2448,612,,Not Submitted,,Fully Paid / Closed,2025-09-23,,,,Approved,,,,2026-03-17,
4321,,"Nowak, John",N/A 2,N/A 2,365 Cedar Breeze N,Glenburn,ME,04401,false,,0,0,,false,,,N/A,,,2739,0,5100,true,true,false,false,5100,,,Not Submitted,,Inspection Scheduled,2025-09-23,,,,Approved,,,,2026-03-17,
4604,,"Rosin, Bethany",N/A 2,N/A 2,93 October Ln,Plantsville,CT,06479,false,,0,0,,false,,,N/A,,,2740,0,5100,true,true,true,true,4080,1020,,Not Submitted,,Fully Paid / Closed,2025-09-24,,,,Approved,,,,2026-03-17,
4150,,"Bates, Jon",N/A 2,N/A 2,6 Essex Ct,Edgartown,MA,02539,false,,0,0,,false,,,N/A,,,2741,0,3244,true,true,false,false,3244,,,Not Submitted,,Inspection Scheduled,,,,,Approved,,[object Object],M/V island,2026-03-17,
4555,,"Torresen, David",N/A 2,N/A 2,31 Austin St,Portland,ME,04103,false,,0,0,,false,,,N/A,,,2742,0,2550,true,true,true,true,2040,510,,Not Submitted,,Fully Paid / Closed,2025-09-24,,,,Approved,,,,2026-03-17,
3932,,"Vandall, Cheyanne",N/A 2,N/A 2,221 Greenwood Ave unit f,Tisbury,MA,02568,false,,0,0,,false,,,N/A,,,2743,0,2326,true,true,false,false,2326,,,Not Submitted,,Inspection Scheduled,,,,,Approved,,,M/V Island,2026-03-17,
4480,,"DeBruin, Richard",N/A 2,N/A 2,117 Park St,Phillips,ME,04966,false,,0,0,,false,,,N/A,,,2744,0,4335,true,true,true,true,3468,867,,Not Submitted,,Fully Paid / Closed,2025-09-26,,,,Approved,,,,2026-03-17,
4602,,"Hickey, Virginia",N/A 2,N/A 2,264 East St,Dedham,MA,02026,false,4.730,0,0,,false,,,N/A,,,2745,0,2244,true,true,false,false,2244,,,Not Submitted,,Inspection Scheduled,2026-02-16,,,,Approved,,,,2026-03-17,
4510,,"Farnham, Kendall",N/A 2,N/A 2,1586 Hartford Ave.,Hartford,VT,05001,false,,0,0,,false,,,N/A,,,2746,0,4080,true,true,true,true,3264,816,,Not Submitted,,Fully Paid / Closed,2025-09-26,,,,Approved,,,,2026-03-17,
4572,,"Viger, Kenneth",N/A 2,N/A 2,168 Lewiston Rd,Gray,ME,04039,false,,0,0,,false,,,N/A,,,2747,0,5712,true,true,false,false,5712,,,Not Submitted,,Inspection Scheduled,2025-09-27,,,,Approved,,,,2026-03-17,
4505,,"Swanton, John",N/A 2,N/A 2,Captain's Quarters,171 E Shore Rd,ME,04578,false,,0,0,,false,,,N/A,,,2763,0,32845,true,true,true,true,31213,1632,,Not Submitted,,Fully Paid / Closed,2025-09-30,,,,Approved,,[object Object],Ground mount,2026-03-17,
4549,,"Delaney, Christine",N/A 2,N/A 2,479 E Dover Rd,Wardsboro,VT,05355,false,,0,0,,false,,,N/A,,,2748,0,2856,true,true,true,true,2856,,,Not Submitted,,Fully Paid / Closed,2025-09-29,,,,Approved,,,,2026-03-17,
4722,,"Pettit, Kirk",N/A 2,N/A 2,10 Cedar Hill Dr,Prospect,CT,06712,false,,0,0,,false,,,N/A,,,2749,0,5304,true,true,true,true,5304,,,Not Submitted,,Fully Paid / Closed,2025-09-30,,,,Approved,,,,2026-03-17,
4440,,"Murphy, Deirdre",N/A 2,N/A 2,5 Elm Ave,Fairhaven,MA,02719,false,,0,0,,false,,,N/A,,,2750,0,2295,true,true,true,true,1836,459,,Not Submitted,,Fully Paid / Closed,2025-09-30,,,,Approved,,,,2026-03-17,
4743,,"Fifield, Rosemary",N/A 2,N/A 2,3524 VT-113,West Fairlee,VT,05083,false,,0,0,,false,,,N/A,,,2751,0,2550,true,true,true,true,2040,510,,Not Submitted,,Fully Paid / Closed,2025-09-30,,,,Approved,,,,2026-03-17,
4691,,"Frost, Margaret",N/A 2,N/A 2,2637 Boro Hill Rd,Bristol,VT,05443,false,,0,0,,false,,,N/A,,,2752,0,5100,true,true,true,true,4080,1020,,Not Submitted,,Fully Paid / Closed,2025-09-30,,,,Approved,,,,2026-03-17,
4320,,"Holmes, Lyndon",N/A 2,N/A 2,34 Brackenbury Ln,Beverly,MA,01915,false,,0,0,,false,,,N/A,,,2761,0,26520,true,true,true,true,21216,5304,,Not Submitted,,Fully Paid / Closed,2025-10-01,,,,Approved,,,3day,2026-03-17,
4124,,"Miranda, Vickie",N/A 2,N/A 2,20 Maple Ave,Bridgewater,MA,02324,false,,0,0,,false,,,N/A,,,2753,0,7140,true,true,false,false,7140,,,Not Submitted,,Inspection Scheduled,2025-10-01,,,,Approved,,,,2026-03-17,
4749,,"Temple, Kirt",N/A 2,N/A 2,200 Old Stage Rd,Orwell,VT,05760,false,,0,0,,false,,,N/A,,,2755,0,6630,true,true,true,true,5304,1326,,Not Submitted,,Fully Paid / Closed,2025-10-01,,,,Approved,,,,2026-03-17,
4637,,"Collins, Mary",N/A 2,N/A 2,557 Hardwood Flats Rd,Wolcott,VT,05680,false,,0,0,,false,,,N/A,,,2756,0,5100,true,true,true,true,4080,1020,,Not Submitted,,Fully Paid / Closed,2025-10-02,,,,Approved,,,,2026-03-17,
4711,,"Oechsle, Russell",N/A 2,N/A 2,56 Smith Rd,Milton,VT,05468,false,,0,0,,false,,,N/A,,,2757,0,7395,true,true,true,true,5916,1479,,Not Submitted,,Fully Paid / Closed,2025-10-02,,,,Approved,,,,2026-03-17,
4777,,"Bowe, Evan",N/A 2,N/A 2,70 Acorn St,Hartford,VT,05001,false,,0,0,,false,,,N/A,,,2758,0,3570,true,true,true,true,2856,714,,Not Submitted,,Fully Paid / Closed,2025-10-03,,,,Approved,,,,2026-03-17,
4437,,"Hassenberg, Michael",N/A 2,N/A 2,223 Partridge Hill Ln,Williston,VT,05495,false,,0,0,,false,,,N/A,,,2759,0,6324,true,true,true,true,6324,,,Not Submitted,,Fully Paid / Closed,2025-10-03,,,,Approved,,,,2026-03-17,
4368,,"Zinni, Rachel",N/A 2,N/A 2,27 Robindale Dr,Southington,CT,06479,false,,0,0,,false,,,N/A,,,2760,0,6090,true,true,true,true,5172,918,,Not Submitted,,Fully Paid / Closed,2025-10-04,,,,Approved,,,,2026-03-17,
4481,,"Betancourt, Adam",N/A 2,N/A 2,411 Falls Ave,Watertown,CT,06779,false,9.030,0,0,,false,,,N/A,,,2764,0,8008,true,true,true,true,6784,1224,,Not Submitted,,Fully Paid / Closed,2026-03-12,,,,Approved,,,100a MPU only,2026-03-17,
4631,,"Beagan, Michael",N/A 2,N/A 2,20 Whitewater Dr,Biddeford,ME,04005,false,11.610,0,0,,false,,,N/A,,,2765,0,6885,true,true,true,true,5508,1377,,Not Submitted,,Fully Paid / Closed,2025-10-06,,,,Approved,,,,2026-03-17,
4582,,"Scheindel, Stephen",N/A 2,N/A 2,153 Ferris Rd,Randolph,VT,05061,false,5.590,0,0,,false,,,N/A,,,2766,0,3315,true,true,true,true,2652,663,,Not Submitted,,Fully Paid / Closed,2025-10-06,,,,Approved,,,,2026-03-17,
4600,,"Begley, Timothy",N/A 2,N/A 2,21 Douglas Ln,Oak Bluffs,MA,02568,false,12.900,0,0,,false,,,N/A,,,2767,0,2000,true,true,false,false,2000,,,Not Submitted,,Scheduled,2025-10-28,,,,Approved,,[object Object],Rescheduled,2026-03-17,
4766,,"Driscoll, Christopher",N/A 2,N/A 2,2 Indian Ridge Dr,Biddeford,ME,04005,false,7.740,0,0,,false,,,N/A,,,2768,0,4590,true,true,true,true,3672,918,,Not Submitted,,Fully Paid / Closed,2025-10-07,,,,Approved,,,,2026-03-17,
4560,,"Jacobson, Rachel",N/A 2,N/A 2,92 Hastings Ln,Hardwick,VT,05843,false,6.880,0,0,,false,,,N/A,,,2769,0,3264,true,true,true,true,3264,,,Not Submitted,,Fully Paid / Closed,2025-10-07,,,,Approved,,,,2026-03-17,
4403,,"Goodwin Smith, Karen",N/A 2,N/A 2,1056 Oak St,Harwich,MA,02645,false,5.590,0,0,,false,,,N/A,,,2770,0,3315,true,true,false,false,2652,663,,Not Submitted,,Inspection Scheduled,2026-03-11,,,,Approved,,,2nd day panel,2026-03-17,
4647,,"Todd, Caroline",N/A 2,N/A 2,104 Bossidy Dr,Pittsfield,MA,01201,false,11.610,0,0,,false,,,N/A,,,2771,0,5508,true,true,false,false,5508,,,Not Submitted,,Inspection Scheduled,2026-02-05,,,,Approved,,,,2026-03-17,
4580,,"Powell, William",N/A 2,N/A 2,640 US-202,Greene,ME,04236,false,27.090,0,0,,false,,,N/A,,,2772,0,12852,true,true,true,true,12852,,,Not Submitted,,Fully Paid / Closed,2025-10-08,,,,Approved,,,,2026-03-17,
4786,,"Ford, Rebecca",N/A 2,N/A 2,62 Wilford Rd,North Branford,CT,06471,false,25.800,0,0,,false,,,N/A,,,2773,0,16050,true,true,true,true,12990,3060,,Not Submitted,,Fully Paid / Closed,2025-10-27,,,,Approved,,,TAPBOX 200a,2026-03-17,
4542,,"Garry, Jamie",N/A 2,N/A 2,8 Mooney Ave,Salem,MA,01970,false,4.730,0,0,,false,,,N/A,,,2774,0,2244,true,true,false,false,2244,,,Not Submitted,,Inspection Scheduled,2025-10-09,,,,Approved,,,,2026-03-17,
4498,,"Audette, Annabelle",N/A 2,N/A 2,128 Chapel Hill Rd,Norwich,VT,05055,false,5.160,0,0,,false,,,N/A,,,2775,0,3060,true,true,true,true,2448,612,,Not Submitted,,Fully Paid / Closed,2025-10-09,,,,Approved,,,,2026-03-17,
4429,,"Samuels, Chelle",N/A 2,N/A 2,20 Clara St,New Bedford,MA,02744,false,6.020,0,0,,false,,,N/A,,,2776,0,3570,true,true,true,true,2856,714,,Not Submitted,,Fully Paid / Closed,2025-10-10,,,,Approved,,,,2026-03-17,
4771,,"Bramley, Susan",N/A 2,N/A 2,13 Iroquois Ave,Essex Junction,VT,05452,false,5.590,0,0,,false,,,N/A,,,2777,0,3315,true,true,true,true,2652,663,,Not Submitted,,Fully Paid / Closed,2025-10-10,,,,Approved,,,,2026-03-17,
4676,,"Tanvir, Omer",N/A 2,N/A 2,10 Roscrea Pl,Weston,CT,06883,false,42.140,0,0,,false,,,N/A,,,2778,0,24990,true,true,true,true,19992,4998,,Not Submitted,,Fully Paid / Closed,2025-10-13,,,,Approved,,,,2026-03-17,
4566,,"Serino, Anthony",N/A 2,N/A 2,350 Captains Way,Eastham,MA,02642,false,5.160,0,0,,false,,,N/A,,,2779,0,2448,true,true,false,false,2448,,,Not Submitted,,Inspection Scheduled,2026-02-18,,,,Approved,,,,2026-03-17,
4128,,"Kellogg, Thomas",N/A 2,N/A 2,116 N Deer Isle Rd,Deer Isle,ME,04627,false,4.300,0,0,,false,,,N/A,,,2780,0,2290,true,true,true,true,2290,,,Not Submitted,,Fully Paid / Closed,2025-10-13,,,,Approved,,[object Object],,2026-03-17,
4569,,"Buttrick, Kelly",N/A 2,N/A 2,1232 McKinley Ave,Rutland,VT,05701,false,11.180,0,0,,false,,,N/A,,,2781,0,7804,true,true,false,false,7804,,,Not Submitted,,Inspection Scheduled,2025-12-17,,,,Approved,,,Please import and I will manually go through,2026-03-17,
4642,,"Cook, Ronald",N/A 2,N/A 2,575 Park St,Boston,MA,02124,false,4.300,0,0,,false,,,N/A,,,2828,0,250,true,true,false,false,250,,,Not Submitted,,Inspection Scheduled,2025-11-07,,,,Approved,,,Rescheduled,2026-03-17,
4517,,"Robison, Dana",N/A 2,N/A 2,1192 Highland Ave,South Portland,ME,04106,false,8.170,0,0,,false,,,N/A,,,2782,0,4845,true,true,true,true,3876,969,,Not Submitted,,Fully Paid / Closed,2025-10-14,,,,Approved,,,,2026-03-17,
4461,,"VanMoorsel, Angela",N/A 2,N/A 2,27 Interlaken Rd,Stamford,CT,06903,false,18.920,0,0,,false,,,N/A,,,2783,0,11220,true,true,true,true,8976,2244,,Not Submitted,,Fully Paid / Closed,2026-03-06,,,,Approved,,,,2026-03-17,
4591,,"Mazelli, Sean",N/A 2,N/A 2,73 Champeaux Rd,Brimfield,MA,01010,false,11.610,0,0,,false,,,N/A,,,2784,0,5508,true,true,true,true,5508,,,Not Submitted,,Fully Paid / Closed,2025-10-16,,,,Approved,,,,2026-03-17,
4111,,"Russell, Doris",N/A 2,N/A 2,20 Elm St,Auburn,ME,04210,false,8.170,0,0,,false,,,N/A,,,2785,0,4449.6,true,true,true,true,4449.6,,,Not Submitted,,Fully Paid / Closed,2025-11-18,,,,Approved,,[object Object],C,2026-03-17,
4797,,"Vatz, Kenneth",N/A 2,N/A 2,190 Haggett Rd,Montpelier,VT,05602,false,4.300,0,0,,false,,,N/A,,,2786,0,2040,true,true,true,true,2040,,,Not Submitted,,Fully Paid / Closed,2025-10-16,,,,Approved,,,,2026-03-17,
4726,,"Palmer, Michael",N/A 2,N/A 2,12 Payson Rd,Falmouth,ME,04105,false,8.600,0,0,,false,,,N/A,,,2787,0,5100,true,true,true,true,4080,1020,,Not Submitted,,Fully Paid / Closed,2025-10-17,,,,Approved,,,,2026-03-17,
4863,,"Heitsmith, Glenn",N/A 2,N/A 2,409 Sheldon Rd,Fair Haven,VT,05743,false,11.180,0,0,,false,,,N/A,,,2788,0,6630,true,true,true,true,5304,1326,,Not Submitted,,Fully Paid / Closed,2025-10-17,,,,Approved,,,,2026-03-17,
4551,,"Pascoe, Gary",N/A 2,N/A 2,5 Chestnut Cir,Old Saybrook,CT,06475,false,20.640,0,0,,false,,,N/A,,,2789,0,12240,true,true,true,true,9792,2448,,Not Submitted,,Fully Paid / Closed,2025-10-20,,,,Approved,,,,2026-03-17,
4812,,"Maple, Megan",N/A 2,N/A 2,92 Halley Dr,Hyde Park,VT,05655,false,9.460,0,0,,false,,,N/A,,,2804,0,4488,true,true,false,false,4488,,,Not Submitted,,Inspection Scheduled,2025-10-28,,,,Approved,,,,2026-03-17,
4253,,"Mooney, Jennifer",N/A 2,N/A 2,61 Hollister Rd,Swansea,MA,02777,false,6.880,0,0,,false,,,N/A,,,2790,0,8420,true,true,true,true,7604,816,,Not Submitted,,Install Complete,2026-02-12,,,,Approved,,,,2026-03-17,
4814,,"Burns, Jeffrey",N/A 2,N/A 2,52 Middlesex Rd,Topsham,ME,04086,false,8.170,0,0,,false,,,N/A,,,2791,0,4845,true,true,true,true,3876,969,,Not Submitted,,Fully Paid / Closed,2025-10-21,,,,Approved,,,,2026-03-17,
4758,,"Joseph, Andrew",N/A 2,N/A 2,37 Stowe Hill Rd,Wilmington,VT,05363,false,4.300,0,0,,false,,,N/A,,,2792,0,2040,true,true,true,true,2040,,,Not Submitted,,Fully Paid / Closed,2025-10-21,,,,Approved,,,,2026-03-17,
4646,,"Olds, Kevin",N/A 2,N/A 2,1510 Congress St,Fairfield,CT,06825,false,8.600,0,0,,false,,,N/A,,,2793,0,6120,true,true,true,true,4080,2040,,Not Submitted,,Fully Paid / Closed,2026-01-19,,,,Approved,,,Corrections,2026-03-17,
4717,,"Amis, Randy",N/A 2,N/A 2,107 Ferguson Ave,Burlington,VT,05401,false,7.310,0,0,,false,,,N/A,,,2807,0,4335,true,true,true,true,3468,867,,Not Submitted,,Fully Paid / Closed,2025-10-29,,,,Approved,,,,2026-03-17,
4672,,"Bishop, Januara",N/A 2,N/A 2,6 Crystal Dr,East Granby,CT,06026,false,13.330,0,0,,false,,,N/A,,,2794,0,7905,true,true,true,true,6324,1581,,Not Submitted,,Fully Paid / Closed,2025-10-23,,,,Approved,,,,2026-03-17,
4839,,"McDonough, Terry",N/A 2,N/A 2,35 Meadowview Rd,Windham,ME,04062,false,13.330,0,0,,false,,,N/A,,,2795,0,6324,true,true,true,true,6324,,,Not Submitted,,Fully Paid / Closed,2025-10-23,,,,Approved,,,,2026-03-17,
4796,,"Wagner, Josh",N/A 2,N/A 2,24 Bromley Forest Rd,Winhall,VT,05340,false,29.240,0,0,,false,,,N/A,,,2796,0,13872,true,true,true,true,13872,,,Not Submitted,,Fully Paid / Closed,2025-10-23,,,,Approved,,,,2026-03-17,
4554,,"Murphy, Robert",N/A 2,N/A 2,1250 Litchfield Turnpike,New Hartford,CT,06057,false,10.750,0,0,,false,,,N/A,,,2797,0,6675,true,true,true,true,5400,1275,,Not Submitted,,Fully Paid / Closed,2025-12-01,,,,Approved,,[object Object],,2026-03-17,
4547,,"Guthrie, Rachel",N/A 2,N/A 2,10 Willard Haven Park,South Portland,ME,04106,false,4.300,0,0,,false,,,N/A,,,2798,0,3060,true,true,true,true,2040,1020,,Not Submitted,,Fully Paid / Closed,2025-10-24,,,,Approved,,,,2026-03-17,
4739,,"Macleod, Robert",N/A 2,N/A 2,21 Partridge Ln,East Falmouth,MA,02536,false,6.450,0,0,,false,,,N/A,Gonzalo,,2800,0,3825,true,true,true,true,3060,765,,Not Submitted,,Fully Paid / Closed,2026-01-13,,,,Approved,,,INSPECTION,2026-03-17,
4482,,"Preble, Joanna",N/A 2,N/A 2,144 Fourth St,Old Town,ME,04468,false,19.350,0,0,,false,,,N/A,,,2801,0,10280,true,true,false,false,10280,,,Not Submitted,,Inspection Scheduled,2025-10-27,,,,Approved,,[object Object],,2026-03-17,
4809,,"Kalp, James",N/A 2,N/A 2,313 Tjader Rd,Wolcott,VT,05680,false,8.600,0,0,,false,,,N/A,,,2802,0,4080,true,true,false,false,4080,,,Not Submitted,,Inspection Scheduled,2025-10-27,,,,Approved,,,,2026-03-17,
2136,,"McDonald, Lophian",N/A 2,N/A 2,3 Nolan Dr,Bloomfield,CT,06002,false,4.300,0,0,,false,,,N/A,,,2814,0,3000,true,true,true,true,3000,,,Not Submitted,,Fully Paid / Closed,2025-12-02,,,,Approved,,,10 panel removal,2026-03-17,
4523,,"Meredith, Sheryl",N/A 2,N/A 2,13 Grove St,Clinton,CT,06413,false,5.590,0,0,,false,,,N/A,,,2803,0,3315,true,true,true,true,2652,663,,Not Submitted,,Fully Paid / Closed,2025-10-28,,,,Approved,,,,2026-03-17,
3985,,"Branch, Howard",N/A 2,N/A 2,115 Whalers Walk,Edgartown,MA,02539,false,,0,0,,false,,,N/A,,,2816,0,1000,true,true,true,true,1000,,,Not Submitted,,Fully Paid / Closed,2025-10-28,,,,Approved,,[object Object],S/V,2026-03-17,
4805,,"OHara, Melissa",N/A 2,N/A 2,35 Seabreeze Rd,Old Saybrook,CT,06475,false,6.020,0,0,,false,,,N/A,,,2805,0,3570,true,true,true,true,2856,714,,Not Submitted,,Fully Paid / Closed,2025-10-29,,,,Approved,,,,2026-03-17,
4770,,"Davis, Cindy",N/A 2,N/A 2,3 Butler Ct,Waterville,ME,04901,false,5.590,0,0,,false,,,N/A,,,2806,0,3978,true,true,true,true,2652,1326,,Not Submitted,,Fully Paid / Closed,2025-10-29,,,,Approved,,,,2026-03-17,
4792,,"Adams, Benjamin",N/A 2,N/A 2,375 Main St,Cromwell,CT,06416,false,10.320,0,0,,false,,,N/A,,,2808,0,6120,true,true,true,true,4896,1224,,Not Submitted,,Fully Paid / Closed,2025-10-30,,,,Approved,,,,2026-03-17,
4648,,"Bailey, Robert",N/A 2,N/A 2,132 Little Neck Bars Rd,Falmouth,MA,02540,false,12.040,0,0,,false,,,N/A,Gonzalo,,2809,0,5712,true,true,false,false,5712,,,Not Submitted,,Inspection Scheduled,2026-01-13,,,,Approved,,,INSPECTION,2026-03-17,
4838,,"Mancuso, Ettore",N/A 2,N/A 2,469 Lamplite Ln,Williston,VT,05495,false,13.760,0,0,,false,,,N/A,,,2810,0,8160,true,true,true,true,6528,1632,,Not Submitted,,Fully Paid / Closed,2026-01-13,,,,Approved,,,S/V,2026-03-17,
4784,,"Cabata, Rudolph",N/A 2,N/A 2,262 Summit St,Plantsville,CT,06479,false,10.320,0,0,,false,,,N/A,,,2811,0,4896,true,true,true,true,4896,,,Not Submitted,,Fully Paid / Closed,2025-10-31,,,,Approved,,,,2026-03-17,
4210,,"Slater, Brittany",N/A 2,N/A 2,139 Ann Dr,Pittsfield,MA,01201,false,9.890,0,0,,false,,,N/A,,,2829,0,6900,true,true,true,true,5520,1380,,Not Submitted,,Fully Paid / Closed,2026-02-19,,,,Approved,,,,2026-03-17,
4384,,"Smith, Heather",N/A 2,N/A 2,7 Boom Rd,Saco,ME,04072,false,7.740,0,0,,false,,,N/A,,,2812,0,3672,true,true,false,false,3672,,,Not Submitted,,Inspection Scheduled,2025-10-31,,,,Approved,,,,2026-03-17,
4961,,"Madden, Steve",N/A 2,N/A 2,2168 South Road,Williston,VT,05495,false,5.590,0,0,,false,,,N/A,,,2813,0,3315,true,true,true,true,2652,663,,Not Submitted,,Fully Paid / Closed,2025-10-31,,,,Approved,,,,2026-03-17,
4763,,"Keogh, Ryan",N/A 2,N/A 2,700 Wallingford Rd,Cheshire,CT,06410,false,11.180,0,0,,false,,,N/A,,,2818,0,9655,true,true,true,true,8329,1326,,Not Submitted,,Fully Paid / Closed,2025-11-03,,,,Approved,,[object Object],C,2026-03-17,
4639,,"Bishop, Timothy",N/A 2,N/A 2,1876 N Palermo Rd,Palermo,ME,04354,false,6.880,0,0,,false,,,N/A,,,2819,0,3264,true,true,true,true,3264,,,Not Submitted,,Fully Paid / Closed,2025-11-03,,,,Approved,,,C,2026-03-17,
4394,,"Donnelly, Kristen",N/A 2,N/A 2,Donnelly,Kristen,VT,05039,false,20.640,0,0,,false,,,N/A,,,2827,0,20592,true,true,true,true,20592,,,Not Submitted,,Fully Paid / Closed,2025-12-10,,,,Approved,,[object Object],rescheduled | Ground mount,2026-03-17,
4535,,"Stamat, Louise",N/A 2,N/A 2,29 Higgins Ave,Plainville,CT,06062,false,9.030,0,0,,false,,,N/A,,,2820,0,4284,true,true,false,false,4284,,,Not Submitted,,Scheduled,2025-11-04,,,,Approved,,,Completed need to schedule mspu,2026-03-17,
4780,,"Zax, Andrea",N/A 2,N/A 2,26-28 Chapman Ave,Easthampton,MA,01027,false,12.040,0,0,,false,,,N/A,,,2821,0,6720,true,true,true,true,6720,,,Not Submitted,,Fully Paid / Closed,2025-11-04,,,,Approved,,,C,2026-03-17,
4765,,"Collins, Lorna",N/A 2,N/A 2,27 Park St,Wilton,ME,04294,false,5.590,0,0,,false,,,N/A,,,2822,0,2839.2,true,true,true,true,2839.2,,,Not Submitted,,Fully Paid / Closed,2025-11-04,,,,Approved,,,C,2026-03-17,
4807,,"Skerritt, Paul",N/A 2,N/A 2,145 Stuyvesant Ave,New Haven,CT,06512,false,5.590,0,0,,false,,,N/A,,,2823,0,3315,true,true,true,true,2652,663,,Not Submitted,,Fully Paid / Closed,2025-11-05,,,,Approved,,,C,2026-03-17,
4813,,"Da Costa, Solange",N/A 2,N/A 2,50 Boston Ave,Lewiston,ME,04240,false,6.880,0,0,,false,,,N/A,,,2824,0,4367.6,true,true,true,true,3494,873.6,,Not Submitted,,Fully Paid / Closed,2025-11-05,,,,Approved,,,C,2026-03-17,
4840,,"Comer, Robert",N/A 2,N/A 2,72 Sunrise Dr,Avon,CT,06001,false,22.790,0,0,,false,,,N/A,,,2883,0,16015,true,true,true,true,13312,2703,,Not Submitted,,Fully Paid / Closed,2026-02-18,,,,Approved,,[object Object],N/C,2026-03-17,
4762,,"Good, Jane",N/A 2,N/A 2,174 Hendricks Hill Rd,Southport,ME,04576,false,7.310,0,0,,false,,,N/A,,,2825,0,3712.8,true,true,true,true,3712.8,,,Not Submitted,,Fully Paid / Closed,2025-11-06,,,,Approved,,,C,2026-03-17,
4892,,"Ebrahim, Kurt",N/A 2,N/A 2,22 Alpine Dr,Falmouth,ME,04105,false,14.190,0,0,,false,,,N/A,,,2837,0,7207.2,true,true,true,true,7207.2,,,Not Submitted,,Fully Paid / Closed,2025-11-17,,,,Approved,,,N/C,2026-03-17,
4947,,"Luca, Scott",N/A 2,N/A 2,89 Longview Ln,Quechee,VT,05059,false,12.900,0,0,,false,,,N/A,,,2826,0,7650,true,true,true,true,6120,1530,,Not Submitted,,Fully Paid / Closed,2025-11-07,,,,Approved,,,C,2026-03-17,
4519,,"Kolstad, Kristopher",N/A 2,N/A 2,D,,,,false,9.460,0,0,,false,,,N/A,,,2830,0,9110,true,true,true,true,7988,1122,,Not Submitted,,Fully Paid / Closed,2025-11-29,,,,Approved,,,C,2026-03-17,
4524,,"Hatch, Dennis",N/A 2,N/A 2,28 Lookout Rd,Yarmouth Port,MA,02675,false,14.190,0,0,,false,,,N/A,,,2882,0,9900,true,true,true,true,7920,1980,,Not Submitted,,Fully Paid / Closed,2026-03-05,,,,Approved,,,n/c,2026-03-17,
4979,,"SPEAR, LISA",N/A 2,N/A 2,603 N Rd,Leeds,ME,04263,false,12.900,0,0,,false,,,N/A,,,2831,0,7377,true,true,true,true,7377,,,Not Submitted,,Fully Paid / Closed,2025-11-10,,,,Approved,,[object Object],C,2026-03-17,
2358,,"Holmes , Nancy",N/A 2,N/A 2,3 Eagles Wing Way,Nantucket,MA,02554,false,8.170,0,0,,false,,,N/A,,,2832,0,6560,true,true,false,false,6560,,,Not Submitted,,Inspection Scheduled,2025-11-11,,,,Approved,,[object Object],C,2026-03-17,
4465,,"Patterson, Joycelyn",N/A 2,N/A 2,830 Graham Rd,South Windsor,CT,06074,false,16.340,0,0,,false,,,N/A,Nicky,,2833,0,7752,true,true,false,false,7752,,,Not Submitted,,Inspection Scheduled,2026-03-10,,,,Approved,,,C,2026-03-17,
4563,,"Shoemaker, David",N/A 2,N/A 2,11 Windemere Ln,Saco,ME,04072,false,17.200,0,0,,false,,,N/A,,,2849,0,11236,true,true,false,false,11236,,,Not Submitted,,Inspection Scheduled,2025-11-27,,,,Approved,,,C | Please import and I will manually go through,2026-03-17,
4912,,"McCarthy, Patrick",N/A 2,N/A 2,339 Gully Rd,Woodstock,VT,05091,false,8.600,0,0,,false,,,N/A,,,2845,0,4080,true,true,true,true,4080,,,Not Submitted,,Fully Paid / Closed,2025-11-19,,,,Approved,,,resch,2026-03-17,
4811,,"Laux, Robert",N/A 2,N/A 2,459 N Rd,Bethel,ME,04217,false,6.450,0,0,,false,,,N/A,,,2834,0,3276,true,true,true,true,3276,,,Not Submitted,,Fully Paid / Closed,2025-11-12,,,,Approved,,,C,2026-03-17,
4908,,"Kellner, Jeanne",N/A 2,N/A 2,5 Adams Ct,South Burlington,VT,05403,false,12.040,0,0,,false,,,N/A,,,2859,0,5712,true,true,true,true,5712,,,Not Submitted,,Fully Paid / Closed,2025-11-21,,,,Approved,,,N/C,2026-03-17,
4484,,"Lonergan, Susan",N/A 2,N/A 2,146 Edwards Rd,Cheshire,CT,06410,false,10.320,0,0,,false,,,N/A,,,2835,0,6120,true,true,true,true,4896,1224,,Not Submitted,,Fully Paid / Closed,2025-11-13,,,,Approved,,,C,2026-03-17,
4706,,"Gauvin, Steven",N/A 2,N/A 2,196 Main St,South Grafton,MA,01560,false,6.880,0,0,Tesla,false,,,N/A,,,2836,0,7300,true,true,true,true,6340,960,,Not Submitted,,Fully Paid / Closed,2026-03-05,,,,Approved,,,C,2026-03-17,
4905,,"Isaacson, Leif",N/A 2,N/A 2,147 Leadbetter Rd,Wayne,ME,04284,false,5.160,0,0,,false,,,N/A,,,2838,0,2620.8,true,true,true,true,2620.8,,,Not Submitted,,Fully Paid / Closed,2025-11-13,,,,Approved,,,C,2026-03-17,
4538,,"Lenschow, Raimo",N/A 2,N/A 2,41 Arcadia Rd,Old Greenwich,CT,06870,false,7.310,0,0,,false,,,N/A,,,2839,0,4335,true,true,true,true,3468,867,,Not Submitted,,Fully Paid / Closed,2026-02-17,,,,Approved,,,C,2026-03-17,
4795,,"Loring, Daniel",N/A 2,N/A 2,59 Raymond Ave,Raynham,MA,02767,false,18.920,0,0,,false,,,N/A,,,2897,0,15400,true,true,true,true,12760,2640,,Not Submitted,,Fully Paid / Closed,2025-12-20,,,,Approved,,[object Object],N/C,2026-03-17,
4996,,"Horton, Dale",N/A 2,N/A 2,44 Crossing Brook Rd,Cumberland,ME,04021,false,15.050,0,0,,false,,,N/A,,,2840,0,7644,true,true,true,true,7644,,,Not Submitted,,Fully Paid / Closed,2025-11-14,,,,Approved,,,C,2026-03-17,
4578,,"Michalak, Mariusz",N/A 2,N/A 2,44 Pearl St,Plymouth,CT,06786,false,8.170,0,0,,false,,,N/A,,,2841,0,4845,true,true,true,true,3876,969,,Not Submitted,,Fully Paid / Closed,2025-11-17,,,,Approved,,,C,2026-03-17,
4821,,"Mizhirumbay Chuqui, Manuel",N/A 2,N/A 2,62 Alexander St,Framingham,MA,01702,false,9.890,23,430,,false,,,N/A,,,,0,0,false,false,false,false,,,,Approved,,Rescheduled / Issue,2025-11-17,,,,Approved,,,N/C,2026-03-15,
4781,,"Kelley, Diane",N/A 2,N/A 2,1872 Stage Rd,Plymouth,ME,04969,false,11.610,27,430,,false,,,N/A,,,,0,0,true,false,false,false,,,,Approved,,Inspection Scheduled,2025-11-18,,,,Approved,,,? | Ground mount,2026-03-15,
4895,,"Glenn Jr, David",N/A 2,N/A 2,109 Killington Ave,Rutland,VT,05701,false,9.460,0,0,,false,,,N/A,,,2844,0,5610,true,true,true,true,4488,1122,,Not Submitted,,Fully Paid / Closed,2025-11-17,,,,Approved,,,C,2026-03-17,
5032,,"Claxton, Katherine",N/A 2,N/A 2,92 Firglade Ave,Springfield,MA,01108,false,7.310,0,0,,false,,,N/A,,,2846,0,9180,true,true,true,true,8160,1020,,Not Submitted,,Fully Paid / Closed,2025-11-25,,,,Approved,,,C,2026-03-17,
4775,,"Gastiger, William",N/A 2,N/A 2,5 Crocker Hill Rd,Ledyard,CT,06339,false,20.640,0,0,,false,,,N/A,,,2842,0,12240,true,true,true,true,9792,2448,,Not Submitted,,Fully Paid / Closed,2025-11-19,,,,Approved,,,C,2026-03-17,
4954,,"Kasarjian, Michael",N/A 2,N/A 2,18 Sheila Way,East Falmouth,MA,02536,false,9.460,0,0,,false,,,N/A,Gonzalo,,2847,0,6600,true,true,true,true,5280,1320,,Not Submitted,,Fully Paid / Closed,2026-01-13,,,,Approved,,,C,2026-03-17,
4969,,"Kellas, Vanessa",N/A 2,N/A 2,33 Fish Point Rd,Orland,ME,04472,false,8.600,0,0,,false,,,N/A,,,2850,0,4368,true,true,true,true,4368,,,Not Submitted,,Fully Paid / Closed,2025-11-20,,,,Approved,,,C,2026-03-17,
4939,,"Midkiff Jr, Robert",N/A 2,N/A 2,112 Jockey Hollow Rd,East Dover,VT,05341,false,14.190,0,0,,false,,,N/A,,,2949,0,6732,true,true,false,false,6732,,,Not Submitted,,Rescheduled / Issue,2026-02-11,,,,Approved,,,N/C,2026-03-17,
4382,,"Marti, Lawrence",N/A 2,N/A 2,103 Burton St,Bristol,CT,06010,false,7.310,0,0,,false,,,N/A,,,2843,0,4335,true,true,true,true,3468,867,,Not Submitted,,Fully Paid / Closed,2025-11-21,,,,Approved,,,C,2026-03-17,
4685,,"James, Marta",N/A 2,N/A 2,47 High St,West Springfield,MA,01089,false,10.320,0,0,,false,,,N/A,,,2971,0,6960,true,true,false,false,6960,,,Not Submitted,,Rescheduled / Issue,2026-03-04,,,,Approved,,,N/C,2026-03-17,
4871,,"Vongher, EJ (Ernest)",N/A 2,N/A 2,41 Earnest Wy,Bucksport,ME,04416,false,3.870,0,0,,false,,,N/A,,,2850,0,1965.6,true,true,true,true,1965.6,,,Not Submitted,,Fully Paid / Closed,2025-11-21,,,,Approved,,,C,2026-03-17,
4455,,"Maslowski, Christopher",N/A 2,N/A 2,47 Yogananda St,Sandy Hook,CT,06482,false,17.200,0,0,,false,,,N/A,,,2852,0,10200,true,true,true,true,8160,2040,,Not Submitted,,Fully Paid / Closed,2025-11-25,,,,Approved,,,C,2026-03-17,
4738,,"Fox-Glover, Allison",N/A 2,N/A 2,565 Camden Rd,Hope,ME,04847,false,6.020,0,0,,false,,,N/A,,,2853,0,4157.6,true,true,true,true,4157.6,,,Not Submitted,,Fully Paid / Closed,2025-11-24,,,,Approved,,[object Object],C,2026-03-17,
4925,,"Biral, Robert",N/A 2,N/A 2,258 Baycrest Dr,South Burlington,VT,05403,false,10.750,0,0,,false,,,N/A,,,2854,0,5100,true,true,false,false,5100,,,Not Submitted,,Inspection Scheduled,2025-11-24,,,,Approved,,,C,2026-03-17,
4830,,"VT - Kimler, Emily",N/A 2,N/A 2,379 Upper French Hill Rd,Johnson,VT,05656,false,7.740,0,0,,false,,,N/A,,,2941,0,3672,true,true,false,false,3672,,,Not Submitted,,Inspection Scheduled,2026-02-03,,,,Approved,,,N/C,2026-03-17,
4705,,"Mallonee, LeeAnne",N/A 2,N/A 2,256 Kenduskeag Ave,Bangor,ME,04401,false,11.180,0,0,,false,,,N/A,,,2856,0,6778.4,true,true,false,false,6778.4,,,Not Submitted,,Inspection Scheduled,2025-11-25,,,,Approved,,[object Object],C,2026-03-17,
5039,,"Zurell, Matthew",N/A 2,N/A 2,299 Brook St,Bristol,CT,06010,false,12.040,0,0,,false,,,N/A,,,2857,0,6812,true,true,true,true,6812,,,Not Submitted,,Fully Paid / Closed,2025-12-17,,,,Approved,,,C,2026-03-17,
4421,,"Curwen, John",N/A 2,N/A 2,96 Magnolia Ave b,Gloucester,MA,01930,false,9.890,0,0,,false,,,N/A,,,2858,0,9400,true,true,true,true,8020,1380,,Not Submitted,,Fully Paid / Closed,2025-11-26,,,,Approved,,[object Object],C,2026-03-17,
4873,,"Bernier, David",N/A 2,N/A 2,13 Brittanys Way,Lyman,ME,04002,false,13.760,0,0,,false,,,50/50,,,2903,0,6988.8,true,true,false,false,6988.8,,,Not Submitted,,Scheduled,2025-12-01,,,,Approved,,,,2026-03-17,
4944,,"Lewis, Peter",N/A 2,N/A 2,98 Heavenly Hill Rd,Tamworth,NH,03886,false,9.890,23,430,,false,,,N/C,,,,0,0,false,false,false,false,,,,Approved,,Scheduled,2025-12-01,,,,Approved,,,,2026-03-15,
4978,,"Murphy, Thomas",N/A 2,N/A 2,3318 Rte 30 N,Bomoseen,VT,05732,false,9.030,0,0,,false,,,C,,,2865,0,4743,true,true,true,true,4284,459,,Not Submitted,,Fully Paid / Closed,2025-12-01,,,,Approved,,,,2026-03-17,
4721,,"Jayapal, Vijay",N/A 2,N/A 2,715 Graham Rd,South Windsor,CT,06074,false,4.300,10,430,,false,,,N/C,,,,0,0,false,false,false,false,,,,Approved,,Scheduled,2025-12-02,,,,Approved,,,,2026-03-15,
4825,,"Stanton, Amanda",N/A 2,N/A 2,17 Champion Rd,Old Lyme,CT,06371,false,6.450,0,0,,false,,,C,,,2867,0,3825,true,true,true,true,3060,765,,Not Submitted,,Fully Paid / Closed,2025-12-03,,,,Approved,,,,2026-03-17,
4894,,"Morales, Damaris",N/A 2,N/A 2,272 Connecticut Ave,Springfield,MA,01104,false,13.760,0,0,,false,,,C,,,2868,0,9600,true,true,true,true,7680,1920,,Not Submitted,,Fully Paid / Closed,2025-12-03,,,,Approved,,,,2026-03-17,
4537,,"Clark, Carol",N/A 2,N/A 2,136 Fox Point Rd,Newington,NH,03801,false,7.740,0,0,,false,,,N/C,,,2937,0,8568,true,true,false,false,8568,,,Not Submitted,,Scheduled,2026-01-30,,,,Approved,,,,2026-03-17,
4859,,"Garand, Jeffrey",N/A 2,N/A 2,307 Brook St,Bristol,CT,06010,false,9.030,0,0,,false,,,C,,,2869,0,5355,true,true,true,true,4284,1071,,Not Submitted,,Fully Paid / Closed,2025-12-04,,,,Approved,,,,2026-03-17,
4789,,"Chesley, Daniel",N/A 2,N/A 2,2 Beechwood Dr,Mashpee,MA,02649,false,13.760,0,0,,false,,,N/C,,,2927,0,0,true,true,false,false,,,,Not Submitted,,Scheduled,2026-02-24,,,,Approved,,,,2026-03-17,
4973,,"May, Shane",N/A 2,N/A 2,41 Whitehouse Rd,Rochester,NH,03867,false,11.610,0,0,,false,,,N/C,,,2907,0,12393,true,true,true,true,11016,1377,,Not Submitted,,Fully Paid / Closed,2026-12-30,,,,Approved,,,Need Commisioning,2026-03-17,
5059,,"Hodgson, Nancy",N/A 2,N/A 2,313 Sunset Dr,Rutland,VT,05701,false,9.030,0,0,,false,,,C,,,2870,0,4284,true,true,true,true,4284,,,Not Submitted,,Fully Paid / Closed,2025-12-04,,,,Approved,,,,2026-03-17,
5056,,"Crafa, Judith",N/A 2,N/A 2,16 Tame Buck Rd,Wolcott,CT,06716,false,9.030,0,0,,false,,,C,,,2871,0,5355,true,true,true,true,4284,1071,,Not Submitted,,Fully Paid / Closed,2025-12-05,,,,Approved,,,,2026-03-17,
4860,,"Charbonneau, Tracy",N/A 2,N/A 2,19 Rayburn Dr,Millbury,MA,01527,false,9.460,0,0,,false,,,C,,,2872,0,6600,true,true,true,true,5280,1320,,Not Submitted,,Fully Paid / Closed,2025-12-05,,,,Approved,,,,2026-03-17,
5040,,"Payne, Gabriel",N/A 2,N/A 2,2 Stobie St,Winslow,ME,04901,false,8.600,20,430,,false,,,N/C,,,,0,0,false,false,false,false,,,,Approved,,Scheduled,2025-12-05,,,,Approved,,,,2026-03-15,
4826,,"Bradley, Ralph",N/A 2,N/A 2,70 N Star Dr,Sugar Hill,NH,03586,false,14.190,0,0,,false,,,N/C,,,2881,0,6732,true,true,false,false,6732,,,Not Submitted,,Scheduled,2025-12-12,,,,Approved,,,,2026-03-17,
5033,,"Morin, David",N/A 2,N/A 2,150 Cancellaro Dr,Wolcott,CT,06716,false,9.890,0,0,,false,,,C,,,2874,0,5865,true,true,true,true,4692,1173,,Not Submitted,,Fully Paid / Closed,2025-12-08,,,,Approved,,,,2026-03-17,
4516,,"Antonov, Alexei",N/A 2,N/A 2,61 Wisteria Rd,Plymouth,MA,02360,false,6.020,0,0,,false,,,Rough,,,2970,0,3360,true,true,false,false,3360,,,Not Submitted,,Scheduled,2026-03-04,,,,Approved,,,,2026-03-17,
4980,,"Manning, Sara",N/A 2,N/A 2,31 Pine Mill Dr,Center Tuftonboro,NH,03816,false,8.600,0,0,,false,,,N/C,,,2888,0,4080,true,true,false,false,4080,,,Not Submitted,,Scheduled,2025-12-16,,,,Approved,,,,2026-03-17,
4820,,"Dunbar, Colin",N/A 2,N/A 2,207 Hog Hill Rd,East Hampton,CT,06424,false,7.310,0,0,,false,,,C,,,2875,0,4335,true,true,true,true,3468,867,,Not Submitted,,Fully Paid / Closed,2025-12-09,,,,Approved,,,,2026-03-17,
4865,,"Joseph, Andolphe",N/A 2,N/A 2,47 Overlook Rd,West Roxbury,MA,02132,false,8.170,0,0,,false,,,Rough,,,2934,0,4560,true,true,false,false,4560,,,Not Submitted,,Scheduled,2026-01-21,,,,Approved,,,,2026-03-17,
4851,,"Corron, Laurie",N/A 2,N/A 2,180 Lead Mine Rd,Madison,NH,03849,false,21.930,0,0,,false,,,N/C,Gonzalo,,2914,0,17005,true,true,true,true,14404,2601,,Not Submitted,,Fully Paid / Closed,2026-01-06,,,,Approved,,[object Object],2 battery system,2026-03-17,
4810,,"Weinstein, Jordan",N/A 2,N/A 2,400 Bellows Falls Rd,Putney,VT,05346,false,12.040,0,0,,false,,,C,,,2880,0,6812,true,true,false,false,6812,,,Not Submitted,,Scheduled,2025-12-09,,,,Approved,,[object Object],,2026-03-17,
4723,,"Pitblado, John",N/A 2,N/A 2,8 Gretel Ln,Simsbury,CT,06070,false,11.180,0,0,,false,,,C,,,2876,0,5304,true,true,false,false,5304,,,Not Submitted,,Scheduled,2025-12-10,,,,Approved,,,,2026-03-17,
4823,,"Brown, Gary",N/A 2,N/A 2,99 Homestead Ln,Teaticket,MA,02536,false,12.900,0,0,,false,,,Rough,,,2947,0,7200,true,true,false,false,7200,,,Not Submitted,,Scheduled,2026-02-19,,,,Approved,,,2nd day panel,2026-03-17,
5001,,"Antonowicz, Michael",N/A 2,N/A 2,289 Fletcher Hill Rd,Chester,VT,05143,false,4.300,0,0,,false,,,N/C,,,2919,0,2040,true,true,true,true,2040,,,Not Submitted,,Fully Paid / Closed,2026-01-08,,,,Approved,,,,2026-03-17,
4881,,"Rosa, Anthony",N/A 2,N/A 2,61 Ransom Hall Rd,Wolcott,CT,06716,false,12.470,0,0,,false,,,C,,,2877,0,5916,true,true,false,false,5916,,,Not Submitted,,Scheduled,2025-12-11,,,,Approved,,,,2026-03-17,
4808,,"Dos Santos, Malinda",N/A 2,N/A 2,10 Raymond St,Fairhaven,MA,02719,false,4.730,0,0,,false,,,C,,,2878,0,2640,true,true,false,false,2640,,,Not Submitted,,Scheduled,2026-02-20,,,,Approved,,,Fix Conduit in setback,2026-03-17,
4966,,"Lane, Andrew",N/A 2,N/A 2,84 W Broadway,Derry,NH,03038,false,15.480,0,0,,false,,,N/C,,,2886,0,7344,true,true,false,false,7344,,,Not Submitted,,Scheduled,2025-12-15,,,,Approved,,,,2026-03-17,
5009,,"Ebbott, Kathleen",N/A 2,N/A 2,108 Woods Point Rd,Manchester Center,VT,05255,false,12.900,30,430,,false,,,N/C,,,,0,0,false,false,false,false,,,,Approved,,Scheduled,2025-12-11,,,,Approved,,,,2026-03-15,
4616,,"Camilli, Steven",N/A 2,N/A 2,101 Hamilton Ave,Southington,CT,06489,false,6.450,0,0,,false,,,C,,,2879,0,3825,true,true,false,false,3060,765,,Not Submitted,,Scheduled,2025-12-12,,,,Approved,,,,2026-03-17,
4911,,"Alix, Allison",N/A 2,N/A 2,518 Round Hill Rd,Fairfield,CT,06824,false,11.180,0,0,,false,,,C,,,2885,0,5804,true,true,true,true,5804,,,Not Submitted,,Fully Paid / Closed,2025-12-15,,,,Approved,,[object Object],x250 Material pickup,2026-03-17,
4991,,"Leuci, Anthony",N/A 2,N/A 2,12 Pearl St,Adams,MA,01220,false,6.880,0,0,,false,,,N/C,,,2958,0,3840,true,true,false,false,3840,,,Not Submitted,,Scheduled,2026-02-18,,,,Approved,,,,2026-03-17,
4946,,"Bienvenue, Timothy",N/A 2,N/A 2,32 Shaker Rd,Somers,CT,06071,false,6.880,0,0,,false,,,C,,,2887,0,3264,true,true,false,false,3264,,,Not Submitted,,Scheduled,2025-12-16,,,,Approved,,,,2026-03-17,
4906,,"Paxton, Wendy",N/A 2,N/A 2,13 Bayberry Ln,Millbury,MA,01527,false,12.040,0,0,,false,,,N/C,Pedro,,2915,0,6720,true,true,false,false,6720,,,Not Submitted,,Scheduled,2026-03-13,,,,Approved,,,,2026-03-17,
4940,,"Rayborn, Michael",N/A 2,N/A 2,237 Mussey St,Rutland,VT,05701,false,7.310,0,0,,false,,,C,,,2889,0,3468,true,true,true,true,3468,,,Not Submitted,,Fully Paid / Closed,2025-12-16,,,,Approved,,,,2026-03-17,
4684,,"Nigm, Prashant",N/A 2,N/A 2,22 Case Hill Cir,South Windsor,CT,06074,false,6.880,0,0,,false,,,C,,,2890,0,3264,true,true,false,false,3264,,,Not Submitted,,Scheduled,2025-12-17,,,,Approved,,,,2026-03-17,
4803,,"Leclaire, Matthew",N/A 2,N/A 2,376 Massasoit Rd,Worcester,MA,01604,false,13.760,0,0,,false,,,C,,,2891,0,12360,true,true,false,false,12360,,,Not Submitted,,Scheduled,2026-02-12,,,,Approved,,,Corrections WATER | Please import and I will manually go through,2026-03-17,
4742,,"Reinhardt, Katherine",N/A 2,N/A 2,14 Dearborn St,Milford,NH,03055,false,14.190,0,0,,false,,,C,,,2892,0,6732,true,true,true,true,6732,,,Not Submitted,,Fully Paid / Closed,2025-12-17,,,,Approved,,,,2026-03-17,
4509,,"Rossomando, Raymond",N/A 2,N/A 2,78 Strickland St,Glastonbury,CT,06033,false,18.060,0,0,,false,,,C,,,2893,0,10710,true,true,true,true,8568,2142,,Not Submitted,,Fully Paid / Closed,2025-12-18,,,,Approved,,,,2026-03-17,
4952,,"Kusov, Ruslan",N/A 2,N/A 2,6 Captain Eager Dr,Northborough,MA,01532,false,6.450,0,0,,false,,,C,,,2894,0,7920,true,true,false,false,7920,,,Not Submitted,,Scheduled,2026-03-03,,,,Approved,,,,2026-03-17,
4917,,"Freeman, Raffi",N/A 2,N/A 2,200 Fayerweather St,Cambridge,MA,02138,false,16.720,0,0,,false,,,N/C,,,2952,0,9120,true,true,false,false,9120,,,Not Submitted,,Scheduled,2026-01-28,,,,Approved,,,,2026-03-17,
4260,,"Sosnovsky, John",N/A 2,N/A 2,78 Wheeler Rd,Litchfield,CT,,false,9.890,0,0,,false,,,C,,,2898,0,6365,true,true,true,true,5192,1173,,Not Submitted,,Fully Paid / Closed,2025-12-22,,,,Approved,,[object Object],,2026-03-17,
4971,,"Stevens, Connie",N/A 2,N/A 2,61 Church St,Newport,NH,03773,false,9.460,0,0,,false,,,N/C,Pedro,,2920,0,5610,true,true,true,true,4488,1122,,Not Submitted,,Fully Paid / Closed,2026-01-08,,,,Approved,,,,2026-03-17,
4884,,"Silver, Kevin",N/A 2,N/A 2,46 Pine Ridge Ln,Trenton,ME,04605,false,6.450,0,0,,false,,,C,,,2899,0,3276,true,true,false,false,3276,,,Not Submitted,,Scheduled,2025-12-23,,,,Approved,,,,2026-03-17,
4545,,"Akwaboah-Minkah, Jeff",N/A 2,N/A 2,37 Greenfield Dr,South Windsor,CT,06074,false,5.160,0,0,,false,,,N/C,,,2903,0,4896,true,true,false,false,4896,,,Not Submitted,,Scheduled,2026-03-04,,,,Approved,,,,2026-03-17,
4740,,"Fradkin, Barry",N/A 2,N/A 2,51 Commonwealth Ave,Worcester,MA,01604,false,5.590,0,0,,false,,,N/C,,,2922,0,3900,true,true,false,false,3120,780,,Not Submitted,,Scheduled,2026-01-09,,,,Approved,,,Slate roof day 2,2026-03-17,
4806,,"Peek, Leanniel",N/A 2,N/A 2,6 Charles Rd,Seymour,CT,06483,false,12.900,0,0,,false,,,N/C,,,2906,0,13770,true,true,true,true,12240,1530,,Not Submitted,,Fully Paid / Closed,2026-12-30,,,,Approved,,,,2026-03-17,
5067,,"Morris, Louis",N/A 2,N/A 2,228 Sugar River Dr,Claremont,NH,03743,false,18.060,42,430,,false,,,N/C,,,,0,0,false,false,false,false,,,,Approved,,Scheduled,2025-12-24,,,,Approved,,,,2026-03-15,
5070,,"Paul, Cameron",N/A 2,N/A 2,58 Winterset Ln,Simsbury,CT,06070,false,9.460,0,0,,false,,,C,,,2901,0,5610,true,true,true,true,4488,1122,,Not Submitted,,Fully Paid / Closed,2025-12-26,,,,Approved,,,,2026-03-17,
5052,,"Ouellette, Nicholas",N/A 2,N/A 2,65 Dyer Ave,Collinsville,CT,06019,false,7.310,0,0,,false,,,C,,,2902,0,4335,false,false,true,true,3468,867,,Not Submitted,,Scheduled,2025-12-28,,,,Approved,,,,2026-03-17,
4981,,"Nash, Stephen",N/A 2,N/A 2,24 Adella St,Auburn,MA,01501,false,5.590,0,0,,false,,,C,,,2904,0,7020,true,true,true,true,6240,780,,Not Submitted,,Fully Paid / Closed,2026-12-29,,,,Approved,,,Need commisioning,2026-03-17,
4896,,"Allen, Kevin",N/A 2,N/A 2,32 Maple Dr,Bedford,NH,03110,false,15.910,0,0,,false,,,C,Pedro,,2905,0,7548,true,true,false,false,7548,,,Not Submitted,,Scheduled,2026-01-05,,,,Approved,,,Need commisioning,2026-03-17,
5316,,"Laurendeau, Stephen",N/A 2,N/A 2,37 Maple Dr,Bedford,NH,03110,false,17.200,0,0,,false,,,N/C,,,2965,0,8160,true,true,false,false,8160,,,Not Submitted,,Scheduled,2026-03-03,,,,Approved,,,Just mounted Inverter,2026-03-17,
4982,,"Root, Lynn",N/A 2,N/A 2,2749 VT-14,Calais,VT,05650,false,18.920,44,430,,false,,,N/C,,,,0,0,false,false,false,false,,,,Approved,,Scheduled,2025-12-29,,,,Approved,,,Not started weather,2026-03-15,
4199,,"Theroux, Scott",N/A 2,N/A 2,8 Deer Run,Southwick,MA,01077,false,24.940,0,0,,false,,,N/C,,,2591,0,19100,true,true,false,false,15620,3480,,Not Submitted,,Scheduled,2026-02-26,,,,Approved,,[object Object],20ft trench,2026-03-17,
4764,,"Razzaia, Nicholas",N/A 2,N/A 2,46 Moss Ave,Seymour,CT,06483,false,11.180,0,0,,false,,,C,,,2908,0,11934,true,true,true,true,10608,1326,,Not Submitted,,Fully Paid / Closed,2026-12-31,,,,Approved,,,,2026-03-17,
4924,,"Silva, Tanya",N/A 2,N/A 2,65 Berlin St,Auburn,MA,01501,false,10.320,24,430,,false,,,N/C,,,,0,0,false,false,false,false,,,,Approved,,Scheduled,2025-12-31,,,,Approved,,,Not started weather,2026-03-15,
4968,,"Crockett, Sarah",N/A 2,N/A 2,78 N Thetford Rd,Lyme,NH,03768,false,9.460,0,0,,false,,,C,,,2909,0,8976,true,true,false,false,8976,,,Not Submitted,,Scheduled,2025-12-31,,,,Approved,,,,2026-03-17,
4842,,"Berube, Richard",N/A 2,N/A 2,9 Barbara Jean St,Grafton,MA,01519,false,,0,0,,false,,,N/A,,,,0,0,false,false,false,false,,,,Approved,,Scheduled,2025-12-31,,,,Approved,,,pics,2026-03-15,
5088,,"Lescault, Corey",N/A 2,N/A 2,2234 Brook Rd,Burke,VT,05871,false,9.460,0,0,,false,,,N/C,,,2951,0,4488,true,true,false,false,4488,,,Not Submitted,,Scheduled,2026-02-13,,,,Approved,,,Not started weather,2026-03-17,
5137,,"Greto, Kathleen",N/A 2,N/A 2,115 Padanaram Rd,Danbury,CT,06811,false,10.660,0,0,,false,,,N/A,Nicky,,2911,0,6630,true,true,true,true,5304,1326,,Not Submitted,,Fully Paid / Closed,2026-01-05,,,,Approved,,,,2026-03-17,
5008,,"Robinson, Tyeka",N/A 2,N/A 2,107 Parkside St,Springfield,MA,01104,false,11.180,0,0,,false,,,N/A,Renan,,2549,0,1910,true,true,false,false,350,1560,,Not Submitted,,Install Complete,2026-01-05,,,,Approved,,,,2026-03-17,
5120,,"Pala, Stacy",N/A 2,N/A 2,150 Spring St,Rockland,MA,02370,false,9.430,0,0,,false,,,N/A,Renan,,2916,0,9300,true,true,true,true,7920,1380,,Not Submitted,,Fully Paid / Closed,2026-02-25,,,,Approved,,[object Object],40FT Trench,2026-03-17,
5080,,"Rodney, Bruce",N/A 2,N/A 2,675 Ezra St,Bridgeport,CT,06606,false,8.200,0,0,,false,,,N/A,Gonzalo,,2935,0,5300,true,true,false,false,5300,,,Not Submitted,,Install Complete,2026-01-23,,,,Approved,,,,2026-03-17,
4406,,"Reno, Catherine",N/A 2,N/A 2,1 Dartmoor Way,Yarmouth,MA,02675,false,11.610,0,0,,false,,,N/A,,,2921,0,8100,true,true,true,true,6480,1620,,Not Submitted,,Fully Paid / Closed,2026-03-06,,,,Approved,,,"Gonzalo started, Failed rough, Renan finished completed rough 1/8",2026-03-17,
4724,,"Sanchez, Jose",N/A 2,N/A 2,23 Vollmer Ave,Norwalk,CT,06851,false,9.840,0,0,,false,,,N/A,,,2925,0,7920,true,true,true,true,6696,1224,,Not Submitted,,Fully Paid / Closed,2026-02-20,,,,Approved,,[object Object],Need to complete 30ft Trench,2026-03-17,
5143,,"Claxton, Katherine",N/A 2,N/A 2,92 Firglade Ave,Springfield,MA,01108,false,11.890,0,0,,false,,,N/A,,,2924,0,10500,true,true,true,true,8760,1740,,Not Submitted,,Fully Paid / Closed,2026-02-19,,,,Approved,,[object Object],30ft trench,2026-03-17,
4782,,"Qureshi, Hussain",N/A 2,N/A 2,6 Oak St,Bridgeport,CT,06604,false,5.740,0,0,,false,,,N/A,,,2926,0,3356,true,true,false,false,3356,,,Not Submitted,,Install Complete,2026-01-14,,,,Approved,,[object Object],,2026-03-17,
5021,,"Brookings, Timothy",N/A 2,N/A 2,583 St Gaudens Rd,Cornish,NH,03745,false,5.740,0,0,,false,,,N/A,,,2973,0,5680,true,true,false,false,5680,,,Not Submitted,,Install Complete,2026-03-06,,,,Approved,,[object Object],2nd day | Please import and I will manually go through,2026-03-17,
4953,,"Angus, Mackenzie",N/A 2,N/A 2,1068 Long Cove Rd,Gales Ferry,CT,06335,false,9.030,0,0,,false,,,N/A,,,2928,0,5355,true,true,true,true,4284,1071,,Not Submitted,,Fully Paid / Closed,2026-01-15,,,,Approved,,,,2026-03-17,
5017,,"Casimir, Sadrack",N/A 2,N/A 2,219 Oakland St,Springfield,MA,01108,false,8.610,0,0,,false,,,N/A,,,2940,0,5040,true,true,false,false,5040,,,Not Submitted,,Install Complete,2026-02-03,,,,Approved,,,,2026-03-17,
5089,,"Roebuck, Lisa",N/A 2,N/A 2,14 Haven Rd,Sanbornton,NH,03269,false,6.020,0,0,,false,,,N/A,,,2929,0,2856,true,true,false,false,2856,,,Not Submitted,,Install Complete,2026-01-16,,,,Approved,,,need to go back install tandems and breaker,2026-03-17,
5129,,"Derocher, Heather",N/A 2,N/A 2,126 Mendon St,Hopedale,MA,01747,false,11.890,0,0,,false,,,N/A,,,2931,0,8700,true,true,true,true,6960,1740,,Not Submitted,,Fully Paid / Closed,2026-01-19,,,,Approved,,,,2026-03-17,
5086,,"Valenzuela, Claudio",N/A 2,N/A 2,191 Cold Spring Rd,Stamford,CT,06905,false,5.740,0,0,,false,,,N/A,,,2932,0,2856,true,true,true,true,2856,,,Not Submitted,,Fully Paid / Closed,2026-01-20,,,,Approved,,,,2026-03-17,
5101,,"Converse, Timothy",N/A 2,N/A 2,975 Winona Rd,New Hampton,NH,03256,false,8.200,0,0,,false,,,N/A,,,2933,0,4080,true,true,false,false,4080,,,Not Submitted,,Install Complete,2026-01-20,,,,Approved,,,,2026-03-17,
5091,,"Coyle, Gregory",N/A 2,N/A 2,10 Long Hill Dr,New Fairfield,CT,06812,false,18.860,0,0,,false,,,N/A,,,2942,0,2346,true,true,false,false,,2346,,Not Submitted,,Install Complete,2026-03-12,,,,Approved,,[object Object],,2026-03-17,
5332,,"Hollins, Chris",N/A 2,N/A 2,32 Spring St,Laconia,NH,03246,false,9.840,24,410,,false,,,N/A,,,,0,0,true,false,false,false,,,,Approved,,Install Complete,2026-01-21,,,,Approved,,,,2026-03-15,
4858,,"McCauley, Jason",N/A 2,N/A 2,50 Harness Dr,Somers,CT,06071,false,25.420,0,0,,false,,,N/A,,,2936,0,15810,true,true,true,true,12648,3162,,Not Submitted,,Fully Paid / Closed,2026-02-19,,,,Approved,,[object Object],,2026-03-17,
5169,,"Vincent, Timothy",N/A 2,N/A 2,25 Evelyn Ave,Raymond,NH,03077,false,5.740,14,410,,false,,,N/A,,,,0,0,true,false,false,false,,,,Approved,,Install Complete,2026-01-22,,,,Approved,,,,2026-03-15,
4800,,"Randazzo, Loretta",N/A 2,N/A 2,9 Turner Rd,Amston,CT,06231,false,8.610,0,0,,false,,,N/A,,,2961,0,4284,true,true,false,false,4284,,,Not Submitted,,Install Complete,2026-03-02,,,,Approved,,,,2026-03-17,
4943,,"Halla, Elizabeth",N/A 2,N/A 2,85 W Union St,Pittsfield,MA,01201,false,6.450,0,0,,false,,,N/A,,,2948,0,4500,true,true,true,true,3600,900,,Not Submitted,,Fully Paid / Closed,2026-03-05,,,,Approved,,[object Object],,2026-03-17,
5015,,"Burns, Linda",N/A 2,N/A 2,217 Eaton Rd,Conway,NH,03818,false,6.020,0,0,,false,,,N/A,,,2954,0,3570,true,true,true,true,2856,714,,Not Submitted,,Fully Paid / Closed,2026-02-25,,,,Approved,,[object Object],,2026-03-17,
4564,,"Fusco, Elaine",N/A 2,N/A 2,198 Glendale Dr,Bristol,CT,06010,false,8.610,0,0,,false,,,N/A,,,2939,0,4284,true,true,false,false,4284,,,Not Submitted,,Install Complete,2026-03-03,,,,Approved,,,,2026-03-17,
5278,,"Lee, Jason",N/A 2,N/A 2,3 Hillside Rd,Rutland,MA,01543,false,9.840,24,410,,false,,,N/A,,,,0,0,true,false,false,false,,,,Approved,,Install Complete,2026-02-04,,,,Approved,,,Trench,2026-03-15,
4866,,"Cassidy, Robert",N/A 2,N/A 2,110 Blood Rd,Townsend,MA,01474,false,7.380,0,0,,false,,,N/A,,,2943,0,4320,true,true,false,false,4320,,,Not Submitted,,Install Complete,2026-02-06,,,,Approved,,,,2026-03-17,
5085,,"Kunst, Ryan",N/A 2,N/A 2,4 Adams Rd,North Brookfield,MA,01535,false,15.840,0,0,,false,,,N/A,,,2944,0,8640,true,true,false,false,8640,,,Not Submitted,,Install Complete,2026-02-09,,,,Approved,,,,2026-03-17,
5075,,"Okoli, Daniel",N/A 2,N/A 2,8 Hadwin Way,Boston,MA,02131,false,6.560,0,0,,false,,,N/A,,,2945,0,3840,true,true,false,false,3840,,,Not Submitted,,Install Complete,2026-02-09,,,,Approved,,,,2026-03-17,
5283,,"Torbisco, Francisco",N/A 2,N/A 2,56 Fair St,Norwalk,CT,06851,false,7.380,0,0,,false,,,N/A,,,2946,0,4590,true,true,true,true,3672,918,,Not Submitted,,Fully Paid / Closed,2026-02-27,,,,Approved,,[object Object],,2026-03-17,
4697,,"Waumbulizi, William",N/A 2,N/A 2,79 Great Rd,Maynard,MA,01754,false,4.730,0,0,,false,,,N/A,,,2963,0,2640,true,true,false,false,2640,,,Not Submitted,,Scheduled,2026-03-07,,,,Approved,,,JOB INSTALLED on wrong house?,2026-03-17,
4857,,"Carleton, Frederick",N/A 2,N/A 2,6 Barbara Rd,Stoneham,MA,02180,false,,0,0,,false,,,N/A,,,2953,0,750,true,true,true,true,750,,,Not Submitted,,Fully Paid / Closed,2026-02-13,,,,Approved,,,Srvice visit Photos?,2026-03-17,
5041,,"Moku, Soumya",N/A 2,N/A 2,12 Echo Ln,Simsbury,CT,06070,false,10.560,0,0,,false,,,N/A,,,2955,0,6120,true,true,true,true,4896,1224,,Not Submitted,,Fully Paid / Closed,2026-02-26,,,,Approved,,[object Object],,2026-03-17,
5112,,"Colburn, Scott",N/A 2,N/A 2,216 Myrtle St,Rockland,MA,02370,false,8.200,0,0,,false,,,N/A,,,2956,0,7200,true,true,false,false,7200,,,Not Submitted,,Install Complete,2026-03-10,,,,Approved,,[object Object],"42FT Trench | $2,400",2026-03-17,
5125,,"Wood, Barry",N/A 2,N/A 2,139 Evergreen Valley Rd,Milton,NH,03851,false,15.840,0,0,,false,,,N/A,,,2957,0,9180,true,true,true,true,7344,1836,,Not Submitted,,Fully Paid / Closed,2026-03-05,,,,Approved,,[object Object],,2026-03-17,
5272,,"Peake, Maxine",N/A 2,N/A 2,73 Bartlett Ave,Somersworth,NH,03878,false,8.200,0,0,,false,,,N/A,,,2959,0,5100,true,true,true,true,4080,1020,,Not Submitted,,Fully Paid / Closed,2026-03-05,,,,Approved,,[object Object],,2026-03-17,
5230,,"Yague, Keith",N/A 2,N/A 2,36 Patton Dr,Cheshire,CT,06410,false,6.150,0,0,,false,,,N/A,,,2960,0,3060,true,true,false,false,3060,,,Not Submitted,,Install Complete,2026-02-20,,,,Approved,,,,2026-03-17,
4689,,"Ayala, Zaida",N/A 2,N/A 2,81 Great Rd,Maynard,MA,01754,false,,0,0,,false,,,N/A,,,2962,0,2500,true,true,false,false,2500,,,Not Submitted,,Install Complete,2026-03-07,,,,Approved,,,"Move panels to back | $2,500",2026-03-17,
5314,,"Konoski, Elaine",N/A 2,N/A 2,17 Duncan St,Bristol,CT,06010,false,4.920,0,0,,false,,,N/A,,,2966,0,2448,true,true,false,false,2448,,,Not Submitted,,Install Complete,2026-02-25,,,,Approved,,,,2026-03-17,
5066,,"Madi, Abir",N/A 2,N/A 2,43 Damon Rd,Rockland,MA,02370,false,8.200,0,0,,false,,,N/A,,,2972,0,8700,true,true,false,false,7320,1380,,Not Submitted,,Install Complete,2026-03-12,,,,Approved,,[object Object],TRENCH 1500,2026-03-17,
5106,,"Zea, Katherine",N/A 2,N/A 2,40 Piermont Heights Rd,Piermont,NH,03779,false,5.740,0,0,,false,,,N/A,,,,0,0,false,false,false,false,,,,Approved,,Scheduled,2026-03-09,,,,Approved,,,Please import and I will manually go through,2026-03-15,
5108,,"Ayotte, Danny",N/A 2,N/A 2,115 Arcadia Ave,Plainville,CT,06062,false,3.690,0,0,,false,,,N/A,,,2967,0,2795,true,true,false,false,2336,459,,Not Submitted,,Install Complete,2026-03-11,,,,Approved,,[object Object],100a Tapbox 500,2026-03-17,
3704,,"Frei, Michael",N/A 2,N/A 2,108 Mill Rock Rd E,Old Saybrook,CT,06475,false,,0,0,,false,,,N/A,,,2974,0,250,true,true,false,false,250,,,Not Submitted,,Install Complete,2026-03-02,,,,Approved,,,Service Bad inv RMAd $250,2026-03-17,
IMPORT-599,,"Lee, Jason",N/A 2,N/A 2,,,,,false,,0,0,,false,,,N/A,,,,0,0,false,false,false,false,,,,Approved,,Scheduled,2026-03-02,,,,Approved,,,Trench N/C | Please import and I will manually go through,2026-03-15,
5274,,"Janvier, Paulette",N/A 2,N/A 2,277 Culloden Rd,Stamford,CT,06906,false,23.370,0,0,,false,,,N/A,,,2968,0,11628,true,true,false,false,11628,,,Not Submitted,,Install Complete,2026-03-03,,,,Approved,,,,2026-03-17,
5092,,"Ciampoli, Mary",N/A 2,N/A 2,475 Malden St,Revere,MA,02151,false,10.660,0,0,,false,,,N/A,,,2969,0,6240,true,true,false,false,6240,,,Not Submitted,,Install Complete,2026-03-03,,,,Approved,,,,2026-03-17,
5179,,"Dickey, Glen",N/A 2,N/A 2,54 McCurdy Rd,New Boston,NH,03070,false,26.400,60,440,,false,,,N/A,,,2975,15300,12240,true,false,false,false,12240,,,Approved,,Install Complete,2026-03-09,,,,Approved,,,,2026-03-15,
1156,,"McInnis, Mark",N/A 2,N/A 2,20 Royden Rd,Weymouth,MA,02190,false,,0,0,,false,,,N/A,,,,0,0,true,false,false,false,,,,Approved,,Install Complete,2026-03-03,,,,Approved,,,,2026-03-15,
5199,,"Taylor, Sarah",N/A 2,N/A 2,29 Winthrop Rd,Guilford,CT,06437,false,11.480,28,410,,false,,,N/A,,,2876,7140,5712,true,false,false,false,5712,,,Approved,,Install Complete,2026-03-10,,,,Approved,,,,2026-03-15,
5051,,"Kuns, Gavin",N/A 2,N/A 2,546 Cross Country Rd,Pembroke,NH,03275,false,8.600,20,430,,false,,,N/A,,,2977,5100,4080,true,false,false,false,4080,,,Approved,,Install Complete,2026-03-10,,,,Approved,,,,2026-03-15,
5383,,"Murray, Donald",N/A 2,N/A 2,22 Radcliffe Ave,Pittsfield,MA,01201,false,15.580,38,410,,false,,,N/A,,,2981,11400,9120,true,false,false,false,9120,,,Approved,,Install Complete,2026-03-11,,,,Approved,,,,2026-03-15,
4962,,"Wasilewski, Diane",N/A 2,N/A 2,90 Cutts Rd,Newport,NH,03773,false,21.560,49,440,,false,,,N/A,,,,0,0,true,false,false,false,,,,Approved,,Install Complete,2026-03-11,,,,Approved,,,,2026-03-15,
5321,,"Ryerson, Andrea",N/A 2,N/A 2,10 Glen Pl,Meriden,CT,06451,false,10.660,26,410,,false,,,N/A,,,2978,6630,6304,true,false,false,false,6304,,,Approved,,Install Complete,2026-03-11,,,,Approved,,[object Object],Trench 1000,2026-03-15,
5042,,"Lagerman, Albert",N/A 2,N/A 2,8 Johnson Ave,Plainville,CT,06062,false,5.100,12,425,,false,,,N/A,,,2980,3060,2448,true,false,false,false,2448,,,Approved,,Inspection Scheduled,2026-03-12,2026-03-18,,,Approved,,,,2026-03-15,
5249,,"Deskins, Lee",N/A 2,N/A 2,307 East Side Rd,Wentworth,NH,03282,false,4.400,10,440,,false,,,N/A,,,,0,0,false,false,false,false,,,,Approved,,Scheduled,2026-03-13,,,,Approved,,,,2026-03-15,
4720,,"Malia, Crystal",N/A 2,N/A 2,74 Wesson St,Grafton,MA,01536,false,13.330,31,430,,false,,,N/A,,,2979,250,250,true,false,false,false,250,,,Approved,,Install Complete,2026-03-12,,,,Approved,,,S/V 250,2026-03-15,